,STANDARD_VALUE,STANDARD_UNITS,activity_class,SMILES,molecule
0,1584.89,nM,0,NCCC(C(=O)Nc1ccc2[nH]ncc2c1)c3ccc(Cl)c(Cl)c3,CHEMBL1998121
1,1584.89,nM,0,NCC(NC(=O)c1ccc(cc1)c2ccncc2)c3ccccc3,CHEMBL1990254
2,1258.93,nM,1,NC1CCCCC1Nc2nccc(n2)c3c[nH]c4ncccc34,CHEMBL1995813
3,316.23,nM,1,Nc1n[nH]c2ccc(cc12)c3nnn(Cc4ccccc4)c3c5ccccc5,CHEMBL1972158
4,1584.89,nM,0,Clc1ccc(cc1)C(=O)Nc2cnc3[nH]cc(c4ccccc4)c3c2,CHEMBL1998829
5,3162.28,nM,1,CCOC(=O)Cc1nc2c3cc(Br)ccc3NC(=O)n2n1,CHEMBL1974480
6,316.23,nM,1,Cc1[nH]c(C=C2C(=O)Nc3ccccc23)c(C)c1CCC(=O)O,CHEMBL2007064
7,1584.89,nM,0,CCOC(=O)C1=CN(c2ccc(O)cc2C)c3cc(ccc3C1=O)c4ccncc4,CHEMBL1996780
8,5011.87,nM,0,CCCC(=O)Nc1cccc(c1)c2nc(Nc3ccc4[nH]ncc4c3)c5cc(OCCN6CCCC6)ccc5n2,CHEMBL1968705
9,398.11,nM,1,COc1cc(ccc1O)c2ccc3C(=O)Nc4cc(ccc4Nc3c2)C(=O)NCc5cccc(F)c5,CHEMBL2000832
10,1584.89,nM,0,C(c1ccccc1)c2cc(on2)c3ccc4[nH]ncc4c3,CHEMBL1682357
11,1584.89,nM,0,CC(C)(CO)CNc1nccc(n1)c2c(nc3cnccn23)c4ccc(F)cc4,CHEMBL1991395
12,1584.89,nM,0,Cc1ccc2Nc3ccccc3C(=O)Nc2c1,CHEMBL1999714
13,39810.72,nM,1,Clc1ccc2NC(=O)n3ncnc3c2c1,CHEMBL1992673
14,1584.89,nM,0,CS(=O)(=O)NCCOc1cncc(c1)c2ccc3cnccc3c2,CHEMBL1964804
15,794.33,nM,1,Nc1ncnc2NCCC(=Nc12)c3ccc(NC(=O)Nc4cc(ccc4F)C(F)(F)F)cc3,CHEMBL411903
16,1584.89,nM,0,O=C1Nc2cc(cnc2N1)c3ccccc3,CHEMBL2003456
17,3981.07,nM,0,COc1cc2c(ncnc2cc1OCCCN3CCCCC3)N4CCN(CC4)C(=O)Nc5ccc(OC(C)C)cc5,CHEMBL124660
18,100.0,nM,1,Cc1c(C=O)c(O)n2c3ccccc3nc2c1C#N,CHEMBL1989856
19,79.43,nM,1,CCNC(=O)NC1CCC(CC1)Nc2nc(Cl)cc(n2)c3c[nH]c4ncccc34,CHEMBL1992220
20,1584.89,nM,0,Cc1ccccc1NC(=O)Nc2ccc3c(CCc4sc5ncnc(N)c5c34)c2,CHEMBL1982135
21,5011.87,nM,0,CN1C=C(C=C(Nc2ccc(cn2)C(=O)N3CCOCC3)C1=O)c4cccc(NC(=O)c5ccc(cc5)C(C)(C)C)c4C,CHEMBL1973138
22,316.23,nM,1,Nc1n[nH]c2ccc(cc12)c3nnn(Cc4ccccc4)c3I,CHEMBL1975128
23,794.33,nM,1,COc1cc(Nc2ncc(F)c(Nc3ccc4OC(C)(C)C(=O)Nc4n3)n2)cc(OC)c1OC,CHEMBL475251
24,398.11,nM,1,CCCNC(=O)c1ccc(Nc2nc(NCC(F)(F)F)c3cc[nH]c3n2)cc1,CHEMBL2006765
25,1584.89,nM,0,OCC(Cc1ccccc1)NC(=O)c2ccc(cc2)c3ccncc3,CHEMBL1998545
26,316.23,nM,1,Nc1n[nH]c2ccc(cc12)c3nnn(Cc4ccccc4)c3c5ccc(F)cc5,CHEMBL1986499
27,1584.89,nM,0,Cc1cc(NC(=O)Cc2ccc(cc2)c3cccc4[nH]nc(N)c34)ccc1F,CHEMBL1984363
28,1584.89,nM,0,COc1cc(C=C2SC(=S)NC2=O)ccc1O,CHEMBL1973098
29,1584.89,nM,0,Cc1cc(C)cc(NC(=O)Nc2ccc(cc2)c3cccc4snc(N)c34)c1,CHEMBL1976328
30,1584.89,nM,0,FC(F)(F)c1cccc(CNC2=C(Nc3ccncc3)C(=O)C2=O)c1,CHEMBL1979252
31,1258.93,nM,1,CS(=O)(=O)NCCNc1cc(cc(Cl)n1)c2c[nH]c3ncccc23,CHEMBL2005718
32,1584.89,nM,0,Cc1cccc(NC(=O)Nc2ccc(cc2)c3cccc4[nH]ncc34)c1,CHEMBL375284
33,100.0,nM,1,CN(C)CC(=O)NC1CCC(CC1)Nc2nc(Cl)cc(n2)c3c[nH]c4ncccc34,CHEMBL1982271
34,1584.89,nM,0,S=C1NN=C2N1C3=NNC(=S)N3c4sc5CCCc5c24,CHEMBL1969537
35,1584.89,nM,0,NC(=O)c1sc(cc1OCc2ccccc2C(F)(F)F)n3cnc4ccccc34,CHEMBL481491
36,1584.89,nM,0,Clc1ccc2NC(=O)C(=C(c3ccccc3)c2c1)C4=NNC(C4)c5ccccc5,CHEMBL1992796
37,2511.89,nM,1,Cc1cc(OCc2cccc(c2)C(F)(F)F)ccc1CN3CC(C3)C(=O)O,CHEMBL1966501
38,5011.87,nM,0,O=C(Nc1n[nH]c2ccc(cc12)c3cn(Cc4ccccc4)nn3)c5cccc(c5)C#N,CHEMBL1977128
39,1584.89,nM,0,CCc1nc2C(=O)NC(=O)c2c3cc(OC)c(OC)cc13,CHEMBL2003524
40,1584.89,nM,0,CSc1cnc2c(ccc3cnccc23)c1O,CHEMBL2006933
41,63.1,nM,1,COc1cc(Nc2ncc(c(Nc3ccccc3C(=O)N)n2)[N+](=O)[O-])cc(OC)c1OC,CHEMBL1241473
42,1584.89,nM,0,O=C(Cc1ccccc1)Nc2cccc(c2)c3nc4sccn4c3c5ccnc(Nc6ccc(cc6)N7CCOCC7)n5,CHEMBL1090356
43,1584.89,nM,0,Nc1ncnc2sc(Br)c(c3ccc(NC(=O)Cc4cccc(Cl)c4)cc3)c12,CHEMBL1980896
44,1584.89,nM,0,CC(C)OC1=NNC(=O)C1=Cc2c[nH]c3ccccc23,CHEMBL1989029
45,1584.89,nM,0,CC(NC1=C(Nc2ccnc(Nc3cccc(C)c3)n2)C(=O)C1=O)C(C)(C)C,CHEMBL1969523
46,1584.89,nM,0,O=C(Nc1cnccn1)Nc2ccnc3ccccc23,CHEMBL1981720
47,5011.87,nM,0,Cc1cc(O)nc2[nH]nc(c3cccc(c3)c4ccc(Cl)cc4)c12,CHEMBL1990590
48,1584.89,nM,0,Cc1cccc(NC(=O)Nc2ccc(cc2)c3csc4c(cnc(N)c34)C#CC(C)(C)N)c1,CHEMBL1979577
49,1258.93,nM,1,Cc1cccc(NC(=O)Nc2ccc(cc2)c3csc4c(cnc(N)c34)C#CCN5CCOCC5)c1,CHEMBL1982465
50,25.12,nM,1,OC(=O)c1ccccc1Nc2ccnc(Nc3cccc(O)c3)n2,CHEMBL243088
51,5011.87,nM,0,CC1=CC(=O)NN=C1c2ccc(NC(=O)Nc3cc(ccc3F)C(F)(F)F)cc2,CHEMBL1965033
52,5011.87,nM,0,Fc1cccc(F)c1C(=O)Nc2cc(cc(Cl)n2)c3c[nH]c4ncccc34,CHEMBL1991410
53,158.49,nM,1,CCS(=O)(=O)Nc1ccc(cc1)c2ccc3[nH]nc(N)c3c2,CHEMBL1997597
54,1584.89,nM,0,CCOc1nc(NC(=O)Cc2cc(OC)c(cc2OC)S(=O)(=O)C)cc(N)c1Cl,CHEMBL210928
55,1584.89,nM,0,NC(=O)c1sc2ccc(Cl)c(Cl)c2c1NC(=O)c3ccc(Cl)cc3,CHEMBL2003271
56,5011.87,nM,0,CS(=O)(=O)c1cccc(c1)C(=O)Nc2nc3ccccc3n2CCCO,CHEMBL1973016
57,3981.07,nM,0,Fc1ccc(SC2=NN3C=NC(=O)C(=C3C=C2)c4c(Cl)cccc4Cl)c(F)c1,CHEMBL119385
58,1000.0,nM,1,c1cc2cc(cnc2[nH]1)c3ccc4cn[nH]c4c3,CHEMBL1976134
59,2511.89,nM,1,Cn1cc(c2cc3nc(Br)cnc3[nH]2)c4cc(ccc14)C#N,CHEMBL1978562
60,5011.87,nM,0,CN(c1ccc2c(C)n(C)nc2c1)c3ccnc(Nc4ccc(C)c(c4)S(=O)(=O)N)n3,CHEMBL477772
61,1584.89,nM,0,CC1(O)CC(C1)c2nc(c3ccc4ccc(nc4c3)c5ccccc5)c6c(N)nccn26,CHEMBL1996234
62,1000.0,nM,1,CC(=NNC(=N)N)c1cc(NC(=O)NCCCCCCNC(=O)Nc2cc(cc(c2)C(=NNC(=N)N)C)C(=NNC(=N)N)C)cc(c1)C(=NNC(=N)N)C,CHEMBL1991728
63,794.33,nM,1,COc1cc(C=C(C#N)c2nc3cc(C)ccc3[nH]2)c(Br)cc1O,CHEMBL2000345
64,7.94,nM,1,Clc1cc(cc(NCc2ccccc2)n1)c3c[nH]c4ncccc34,CHEMBL1969588
65,1584.89,nM,0,NC(COc1cncc(C=Cc2ccncc2)c1)Cc3ccccc3,CHEMBL1991846
66,1584.89,nM,0,Oc1ccc(C=NNC(=O)Nc2cccc3nsnc23)c(O)c1,CHEMBL1999811
67,5011.87,nM,0,O=C(NCCc1cccs1)N2CCC(=CC2)c3c[nH]c4ncccc34,CHEMBL1987535
68,5011.87,nM,0,Nc1cc(ccc1NC2CCCCC2)S(=O)(=O)NC(=O)c3ccc(cc3)c4ccc(F)cc4,CHEMBL1996795
69,3981.07,nM,0,CN1C(=O)N(c2ccc(cc2)C(C)(C)C#N)c3c1cnc4ccc(cc34)c5cnc6ccccc6c5,CHEMBL1879463
70,100.0,nM,1,N#CCC(C1CCCC1)n2cc(cn2)c3ncnc4[nH]ccc34,CHEMBL2002099
71,5011.87,nM,0,CCOC(=O)c1nc2C(=O)Nc3cc(c(NC(=O)C)cc3n2c1C)[N+](=O)[O-],CHEMBL1997611
72,1584.89,nM,0,COc1cc2ncnc(Nc3ccc(F)c(Cl)c3)c2cc1OCCCN4CCOCC4,CHEMBL939
73,3981.07,nM,0,COc1cc(cc(OC)c1OC)c2ccc3Nc4cc(ccc4C(=O)Nc3c2)c5ccccc5NS(=O)(=O)C,CHEMBL1984038
74,1584.89,nM,0,Cc1n[nH]c2ccc(cc12)c3cncc(OCCN)c3,CHEMBL1967887
75,1584.89,nM,0,CC(C)(C)C(=O)Oc1ccc2c(c1)nc(NC(=O)c3cccc(c3)[N+](=O)[O-])n2CCCO,CHEMBL1236126
76,125.89,nM,1,NC(=O)c1cccc(c1)c2cnc3[nH]cc(c4ccccc4)c3c2,CHEMBL1982957
77,63095.73,nM,1,Cc1n[nH]c2ccc(cc12)c3cccnc3,CHEMBL1967252
78,3981.07,nM,1,C1Oc2ccc(cc2O1)c3ncnc4[nH]ccc34,CHEMBL2004515
79,1584.89,nM,0,Nc1ncnc2c1c(cn2C3CC(CN4CCCC4)C3)c5cccc(OCc6ccccc6)c5,CHEMBL1988370
80,1584.89,nM,0,COc1cccc(c1)C(C)NC(=O)N2CCC(=CC2)c3c[nH]c4ncccc34,CHEMBL1965845
81,5011.87,nM,0,Cc1ccc(F)c(NC(=O)Nc2ccc(cc2)c3coc4c(cnc(N)c34)C#CCN5CCOCC5)c1,CHEMBL1983640
82,1584.89,nM,0,Cc1n[nH]c2cccc(c3ccc(NC(=O)Nc4cccc(c4)C(F)(F)F)cc3)c12,CHEMBL1970074
83,1584.89,nM,0,COc1cc(C=O)c(Cl)cc1NC(=O)Nc2cnc(cn2)C#N,CHEMBL207995
84,5011.87,nM,0,Fc1ccc2nccc(NC(=O)Nc3cccc(n3)C(F)(F)F)c2c1,CHEMBL2007603
85,1000.0,nM,1,COc1ccc(cc1OC)C(=O)Nc2n[nH]c3ccc(cc23)c4cn(Cc5ccccc5)nn4,CHEMBL1991078
86,1584.89,nM,0,C(C1CCOCC1)n2cc(nn2)c3ccc4[nH]ncc4c3,CHEMBL1969843
87,3981.07,nM,1,Cc1cc(ccc1F)c2ncnc3[nH]ccc23,CHEMBL1997041
88,1584.89,nM,0,CSc1c[nH]c2ncnc(NCCCO)c12,CHEMBL2000114
89,1584.89,nM,0,Cc1c(Cl)c(nc2NC=C(C(=O)O)C(=O)c12)N3CCC(CN)C3,CHEMBL1999774
90,1584.89,nM,0,OCC(=O)N1CCC(CC1)c2[nH]nc(c3ccc(Cl)cc3F)c2c4ccncn4,CHEMBL1614705
91,3981.07,nM,0,NCCCn1cc(c2cc(c3cc4ccccc4s3)c5[nH]ncc5c2)c6nc(N)ncc16,CHEMBL592030
92,1584.89,nM,0,CC(C)(CO)c1nnc2ccc(nn12)c3c(nc4occn34)c5ccc(F)cc5F,CHEMBL1972849
93,1584.89,nM,0,Nc1nccc2scc(c3ccc(NC(=O)Nc4cccc(F)c4)cc3)c12,CHEMBL231209
94,3162.28,nM,0,CC(C)CON1c2ccc(Cl)cc2C(=O)c3c(C)nn(C)c13,CHEMBL1977814
95,5011.87,nM,0,OC1CCCc2nc(ccc12)C3C(=O)Nc4ccc(cc34)C#N,CHEMBL1985681
96,1584.89,nM,0,Fc1cccc2c(NC(=O)Nc3cnccn3)ccnc12,CHEMBL1975647
97,1584.89,nM,0,CNC(=O)C(C)n1cc(cn1)c2cnc(N)c3c(csc23)c4ccc(NC(=O)Nc5ccc(C)cc5)cc4,CHEMBL1970142
98,1584.89,nM,0,COC(=O)c1c(C)n2ncnc(N)c2c1c3ccc(NC(=O)Nc4ccccc4)cc3,CHEMBL1977041
99,1584.89,nM,0,c1cnc2nc(cn2c1)c3ccc4[nH]ncc4c3,CHEMBL1682540
100,1584.89,nM,0,CC(C)(O)CNc1nccc(n1)c2c(nc3c(CC4CC4)nccn23)c5ccc(F)cc5F,CHEMBL1994040
101,1258.93,nM,0,Cc1cccc(NC(=O)Nc2ccc(cc2)c3cccc4[nH]nc(N)c34)c1,CHEMBL220057
102,5011.87,nM,0,CCOC(=O)Cc1nc2c(N)cccc2[nH]1,CHEMBL1981671
103,3162.28,nM,0,NC(Cc1c[nH]c2ccccc12)C(=O)Nc3cncc(C=Cc4ccncc4)c3,CHEMBL1983945
104,5011.87,nM,0,CC#Cc1ccc2nccc(NC(=O)Nc3cccc(n3)C(F)(F)F)c2c1,CHEMBL2007375
105,1584.89,nM,0,Cc1cc2cc(ccc2[nH]1)c3csc4c(cnc(N)c34)c5cccc(c5)S(=O)(=O)C,CHEMBL1997822
106,5011.87,nM,0,CN(C)c1ccc(Nc2cc([nH]n2)c3csc(Br)c3)cc1,CHEMBL1984236
107,1584.89,nM,0,CCCn1c(nc(c2ccc(Cl)c(Cl)c2)c1c3ccnc(NC4CCCCC4)n3)C5CCNCC5,CHEMBL437747
108,1584.89,nM,0,Cc1ccc(F)c(NC(=O)Nc2ccc(cc2)c3nsc4ncnc(N)c34)c1,CHEMBL262433
109,5011.87,nM,0,OC(=O)C1CN(Cc2ccc(OCc3cccc(c3)C(F)(F)F)cc2)C1,CHEMBL1971132
110,79432.82,nM,1,CC(=O)c1ccccc1c2ncnc3[nH]ccc23,CHEMBL1977931
111,2511.89,nM,1,CN(C)CC(=O)NC1CCCC(C1)Nc2nc(Cl)cc(n2)c3c[nH]c4ncccc34,CHEMBL1995712
112,1584.89,nM,0,Nc1ncnc2scc(c3ccc(NC(=O)Nc4ccccc4)cc3)c12,CHEMBL1967531
113,501.19,nM,1,COC(C(=O)N1Cc2[nH]nc(NC(=O)c3ccc(cc3)N4CCN(C)CC4)c2C1)c5ccccc5,CHEMBL1981047
114,316.23,nM,1,CNC(=O)c1cnc(N)c2c(csc12)c3ccc(NC(=O)Nc4cc(C)ccc4F)cc3,CHEMBL2005631
115,5011.87,nM,0,Cc1nccn2c(c3ccnc(NCC(C)(C)CO)n3)c(nc12)c4ccc(F)cc4F,CHEMBL1991678
116,1584.89,nM,0,CCN1C2=C(C(=O)ON2)C(=O)c3cc(F)c(Cl)cc13,CHEMBL468280
117,7.94,nM,1,NS(=O)(=O)c1cccc(Nc2ncc3ccn(Cc4ccccc4)c3n2)c1,CHEMBL1993424
118,1584.89,nM,0,NC(Cc1cccc2ccccc12)C(=O)Nc3cncc(C=Cc4ccncc4)c3,CHEMBL1985580
119,1584.89,nM,0,COc1cc(ccc1O)c2ccc3C(=O)Nc4cc(ccc4Nc3c2)C(=O)NCCNC(=O)C,CHEMBL1975500
120,1584.89,nM,0,CNC(=O)c1cc(Oc2ccc(NC(=O)Nc3cccc(c3)C(F)(F)F)cc2)ccn1,CHEMBL1992306
121,1995.26,nM,1,CN(C)C1CCCC(C1)Nc2nc(Cl)cc(n2)c3c[nH]c4ncccc34,CHEMBL1965702
122,19.95,nM,1,NC(COc1cncc(c1)c2ccc3NC(=O)C(=Cc4ccc[nH]4)c3c2)Cc5ccccc5,CHEMBL1980407
123,1584.89,nM,0,CC(C)n1nnc2ccc(cc12)c3c(nc4occn34)c5ccc(F)cc5F,CHEMBL1969126
124,1584.89,nM,0,Cc1nccn2c(c3ccnc(NCCC(C)(C)O)n3)c(nc12)c4ccc(F)cc4F,CHEMBL1978200
125,1584.89,nM,0,Cc1cccc(c1)C2(CC2C(=O)Nc3ccncc3)c4cccc(C)c4,CHEMBL1999496
126,1584.89,nM,0,Nc1nccn2c(nc(c3cccc(OCc4ccccc4)c3)c12)C5CC(CN6CCCC6)C5,CHEMBL1991138
127,158.49,nM,1,Cn1cc(cn1)c2cnc(N)c3c(csc23)c4ccc(NC(=O)Nc5ccc(OC(F)F)cc5)cc4,CHEMBL1988387
128,1584.89,nM,0,COc1cccc(c1)C(C)NC(=O)c2ccc(cc2OC)c3ccncc3F,CHEMBL1991188
129,100000.0,nM,0,O=C1NCc2c1cccc2c3cccs3,CHEMBL1991782
130,501.19,nM,1,CCCCN(CCC#N)C(=O)c1ccc2nc([nH]c2c1)c3n[nH]c4ccccc34,CHEMBL1983348
131,794.33,nM,1,Oc1c(Br)cc(C=NNC(=O)Nc2ccccc2)cc1Br,CHEMBL1983575
132,1584.89,nM,0,CN(C)CC(=O)NC(COc1cncc(c1)c2ccc3cnccc3c2)Cc4c[nH]c5ccccc45,CHEMBL1991725
133,5011.87,nM,0,Oc1cnc2ccc(cc2c1)c3ccncc3,CHEMBL1973868
134,398.11,nM,1,OCC(CO)Nc1ncnc2[nH]cc(c3ccccc3)c12,CHEMBL1992922
135,5011.87,nM,0,COc1cccc(c1)C(C)NC(=O)c2ccc(s2)c3ccncc3,CHEMBL1994724
136,3981.07,nM,0,CC(N)C1CCC(CC1)C(=O)Nc2ccnc3[nH]ccc23,CHEMBL2002992
137,1000.0,nM,1,NC(=O)c1cc([nH]c1c2ccc(Cl)cc2Cl)c3ccnc(N)n3,CHEMBL1965660
138,1584.89,nM,0,NC(=O)c1cccc2NC(=O)c3cc(Cl)nnc3Nc12,CHEMBL1968070
139,1584.89,nM,0,COc1cc(ccc1CC#N)c2ccc3C(=O)Nc4cc(CCOc5ccc(cc5)N6CCOCC6)ccc4Nc3c2,CHEMBL1985566
140,79.43,nM,1,CNC(=O)c1cnc(N)c2c(csc12)c3ccc(NC(=O)Nc4cccc(Cl)c4)cc3,CHEMBL1982476
141,1584.89,nM,0,CCCC(=O)Nc1n[nH]c2ccc(cc12)c3cccc(F)c3F,CHEMBL1985406
142,1584.89,nM,0,COCCN(C)C(=O)c1c(nnn1Cc2ccccc2)c3ccc4[nH]ncc4c3,CHEMBL1986970
143,1584.89,nM,0,Cc1cccc(NC(=O)Nc2ccc(cc2)c3noc4ncnc(N)c34)c1,CHEMBL211378
144,2511.89,nM,0,[O-][N+](=O)c1ccc2N3C(=O)c4c(Br)cccc4N=C3C(=O)c2c1,CHEMBL1976158
145,5011.87,nM,0,CS(=O)(=O)Nc1ccc(Nc2ccc3[nH]nc(N)c3c2)cc1,CHEMBL1988872
146,50.12,nM,1,CCCS(=O)(=O)Nc1ccc(cc1)c2ccc3[nH]nc(NC(=O)C)c3c2,CHEMBL1973893
147,5011.87,nM,0,Clc1ccc(cc1)C2CC(=C(C#N)C(=O)C2C(=O)c3ccccc3)c4ccccc4,CHEMBL1978371
148,1584.89,nM,0,Cc1c(C)n(Cc2ccccc2)c3ccc(cc13)C(=O)Nc4nc[nH]n4,CHEMBL1979718
149,1584.89,nM,0,CCOc1ccccc1C=NNC(=O)c2nnn(c2N3CCCC3)c4nonc4N,CHEMBL1992732
150,1584.89,nM,0,Cc1cc(C)c2oc(Nc3ccc(cc3F)c4cccc(C(=O)N)c4N)nc2c1,CHEMBL1990884
151,1584.89,nM,0,Nc1nc2ccc(cc2n1c3nc(cs3)c4ccccc4)C#N,CHEMBL1996066
152,5011.87,nM,0,COc1ccc(NC(=O)Nc2ccc(cc2)c3csc4c(cnc(N)c34)c5cnn(CC(C)(C)O)c5)cc1,CHEMBL2004290
153,5011.87,nM,0,FC(F)Oc1ccc2c(NC(=O)Nc3cccc(n3)C(F)(F)F)ccnc2c1,CHEMBL1981215
154,5011.87,nM,0,NC1CCCCC1Nc2ccc(C(=O)N)c(Nc3cccc(Cl)c3)n2,CHEMBL1982753
155,63.1,nM,1,CCCS(=O)(=O)Nc1ccc(cc1)c2ccc3[nH]nc(N)c3c2,CHEMBL1992342
156,1584.89,nM,0,COc1cccc(c1)c2cc3C(=O)Nc4ccccc4n3c2,CHEMBL1991356
157,1584.89,nM,0,Brc1ccc(C=CCNCCNS(=O)(=O)c2cccc3cnccc23)cc1,CHEMBL1987756
158,1584.89,nM,0,CN(C)c1cc2sncc2cc1NC(=O)C(=O)O,CHEMBL1997023
159,1000.0,nM,1,Fc1ccc(cc1)C(=O)Nc2n[nH]c3ccc(cc23)c4cn(Cc5ccccc5)nn4,CHEMBL1966204
160,1584.89,nM,0,Nc1n[nH]c2cccc(c3ccc(NC(=O)Nc4cc(CO)ccc4F)cc3)c12,CHEMBL1985311
161,5011.87,nM,0,Cc1ccc(cc1)c2cc3c(NCCN)ccc(C(=O)N)c3[nH]2,CHEMBL1996048
162,3162.28,nM,0,CC(C)COc1nccn2c(c3ccnc(NCC(C)(C)CO)n3)c(nc12)c4ccc(F)cc4,CHEMBL1984842
163,630.96,nM,1,NC1CCC(CC1)Nc2cc(Cl)nc(n2)c3c[nH]c4ncccc34,CHEMBL1983589
164,1995.26,nM,0,Clc1cc(NC2CCCCC2)nc(n1)c3c[nH]c4ncccc34,CHEMBL1997846
165,1584.89,nM,0,CCN1C2=C(C(=O)ON2)C(=O)c3cc(O)c(Cl)cc13,CHEMBL523823
166,5011.87,nM,0,CN(C)c1ccc(NC(=O)CC2Nc3ccccc3NC2=O)cc1,CHEMBL1985469
167,1584.89,nM,0,Fc1cc2C(=O)C3=C(SNC3=O)N(C4CC4)c2c(F)c1NCc5ccccc5,CHEMBL1991640
168,5011.87,nM,0,COc1cc2c(Nc3ccc(Br)cc3F)ncnc2cc1OCC4CCN(C)CC4,CHEMBL24828
169,1584.89,nM,0,COc1ccc2c(NC(=O)Nc3cccc(n3)C(F)(F)F)ccnc2c1,CHEMBL1982660
170,1584.89,nM,0,Brc1ccc2NC(=O)C(=C3SC(=S)NC3=O)c2c1,CHEMBL2001920
171,5011.87,nM,0,CCN(CCCOc1ccc2c(Nc3cc(CC(=O)Nc4cccc(F)c4)[nH]n3)ncnc2c1)CCOP(=O)(O)O,CHEMBL415049
172,630.96,nM,1,CN1CCN(CC1)c2nc(C3=C(C(=O)NC3=O)c4c[nH]c5ccccc45)c6ccccc6n2,CHEMBL565612
173,1584.89,nM,0,Nc1nonc1n2nnc(C(=O)NN=Cc3cccs3)c2c4cccs4,CHEMBL1975256
174,1584.89,nM,0,Cn1cc(c2ccncn2)c(n1)c3ccc(F)cc3,CHEMBL1989474
175,1584.89,nM,0,CCCCn1c(NC(=O)c2cccc(c2)C#N)nc3cc(ccc13)N(C)C(=O)C4CCCCC4,CHEMBL1969301
176,1584.89,nM,0,O=C(N1CCOCC1)c2cccc(c2)c3cnc4[nH]ccc4c3,CHEMBL1997872
177,15848.93,nM,0,CC(=O)Nc1cc2ccccn2n1,CHEMBL1976872
178,3.98,nM,1,CCC1CC(CC1c2ncc3cnc4[nH]ccc4n23)NS(=O)(=O)C5CC5,CHEMBL1992073
179,1584.89,nM,0,CN(C)CC(C)(C)CNc1nccc(n1)c2c(nc3cnccn23)c4ccc(F)cc4,CHEMBL1976093
180,251.19,nM,1,CCCS(=O)(=O)Nc1ccc(cc1)c2ccc3[nH]nc(NC(=O)CC)c3c2,CHEMBL1972221
181,5011.87,nM,0,NCC(NC(=O)c1ccc(cc1)c2ccncc2)c3ccccc3,CHEMBL1990254
182,1584.89,nM,0,OC1=C(C#N)C2=C(C(=N)Oc3ccc(Cl)cc23)C(=O)N1,CHEMBL1973711
183,1584.89,nM,0,O=C1NC(=NC(=C1)c2ccncc2)NC3CCCCC3,CHEMBL1958401
184,1584.89,nM,0,CCC1N(C2CCCC2)c3nc(Nc4ccc(cc4OC)C(=O)NC5CCN(C)CC5)ncc3N(C)C1=O,CHEMBL1968380
185,1584.89,nM,0,CCN1CCN(CC1)c2ccc(Nc3nccc(n3)c4c(nc5ccccn45)c6cccc(c6)C(=O)Nc7ccccc7F)cc2,CHEMBL1981725
186,501.19,nM,1,CC(C)(CN)CNc1cc(cc(Cl)n1)c2c[nH]c3ncccc23,CHEMBL1985723
187,1584.89,nM,0,COc1ccc(cc1)C(=O)Nc2cnc3[nH]cc(c4ccccc4)c3c2,CHEMBL1997764
188,1258.93,nM,1,Nc1ncnn2ccc(C(=O)Nc3ccc(NC(=O)Nc4cccc(F)c4)cc3)c12,CHEMBL1990583
189,1995.26,nM,1,CC(Oc1cc(cnc1N)c2cnn(c2)C3CCNCC3)c4c(Cl)ccc(F)c4Cl,CHEMBL1825138
190,63095.73,nM,1,Fc1cccc(CNc2ncnc3[nH]cnc23)c1,CHEMBL2003785
191,1584.89,nM,0,Nc1ccc(cc1)c2csc3c(C=Cc4nc5ccccc5[nH]4)cnc(N)c23,CHEMBL1988300
192,1584.89,nM,0,CC(NC1=C(Nc2ccncc2)C(=O)C1=O)C(C)(C)C,CHEMBL1986186
193,1584.89,nM,0,CC(=O)Nc1cccc(CNC2=C(Nc3ccc4[nH]ncc4c3)C(=O)C2=O)c1,CHEMBL1988608
194,398.11,nM,1,COc1ccc(cc1)n2ccc3cnc(Nc4cc(OC)c(OC)c(OC)c4)nc23,CHEMBL1975927
195,1584.89,nM,0,COc1cc(ccc1O)c2ccc3[nH]nc(C(=O)Nc4ccccc4)c3c2,CHEMBL2007002
196,5011.87,nM,0,COc1cccc(c1)C(=O)Nc2n[nH]c3ccc(cc23)c4cn(Cc5ccccc5)nn4,CHEMBL1980435
197,1584.89,nM,0,N(c1ccccc1)c2nc(cs2)c3ccc4[nH]ncc4c3,CHEMBL1682545
198,5011.87,nM,0,CC(C)(C)c1cc(NC(=O)Nc2cccc3ccccc23)n(n1)c4cccc(c4)C(=O)NCCOCCO,CHEMBL1978271
199,5011.87,nM,0,Brc1ccc2cnc(Nc3ccncn3)cc2c1,CHEMBL1984686
200,79.43,nM,1,OC(=O)c1ccccc1Nc2ccnc(Nc3cccc(F)c3)n2,CHEMBL243298
201,63.1,nM,1,CNCC(=O)NC1CCC(CC1)Nc2nc(Cl)cc(n2)c3c[nH]c4ncccc34,CHEMBL1996980
202,1584.89,nM,0,Clc1cc2NC(=O)Nc3cnc(C#N)c(OCCCCOc2cc1NCc4cncs4)n3,CHEMBL248757
203,398.11,nM,1,CN1c2ccc(N)cc2C(c3ccccc3)c4cc(N)ccc14,CHEMBL1991734
204,251.19,nM,1,CC(C)(CN)CNc1nc(Cl)cc(n1)c2c[nH]c3ncccc23,CHEMBL1968930
205,1000.0,nM,1,NC(=O)c1cc2c(cncc2s1)c3ccccc3,CHEMBL1999556
206,1584.89,nM,0,Cc1c(c2cccc(OCc3ccccc3)c2)c4c(N)ncnc4n1C5CC(CN6CCCC6)C5,CHEMBL1968791
207,1584.89,nM,1,Cc1cccc(NC(=O)Nc2ccc(cc2)c3csc4c(cnc(N)c34)C#CCCCCCCCCN)c1,CHEMBL1978166
208,1584.89,nM,0,CCOc1nc(NC(=O)Cc2cc(OC)ccc2OC)cc(N)c1C#N,CHEMBL210618
209,1584.89,nM,0,COc1cc2c(Cc3c(n[nH]c23)c4ccc(nc4)C#N)cc1C#C,CHEMBL1972250
210,1584.89,nM,0,Cc1cccc(NC(=O)Nc2ccc(cc2)c3csc4nc(N)nc(N)c34)c1,CHEMBL1973145
211,1995.26,nM,1,CC(=O)Nc1ccc(cc1)n2nc3ccc(N)nc3n2,CHEMBL2002723
212,1584.89,nM,0,Nc1nccc(n1)c2c(ncn2C3CCNCC3)c4ccc(F)cc4,CHEMBL274064
213,1584.89,nM,0,NC(=O)c1cc2c(Oc3ccc(Br)cc3)cncc2s1,CHEMBL116070
214,1584.89,nM,0,CSc1ccccc1CNc2ncc(c(NCC3CCC(CN)CC3)n2)[N+](=O)[O-],CHEMBL392642
215,199.53,nM,1,CC(=NNC(=N)N)c1cc(NC(=O)c2cccc(c2)C(=O)Nc3cc(cc(c3)C(=NNC(=N)N)C)C(=NNC(=N)N)C)cc(c1)C(=NNC(=N)N)C,CHEMBL2000685
216,1995.26,nM,1,CC(CCC(=O)O)(c1ccc(O)c(N)c1)c2ccc(O)c(N)c2,CHEMBL1975923
217,5011.87,nM,0,Clc1cc(ncn1)c2c[nH]c3ncccc23,CHEMBL1972988
218,1584.89,nM,0,Cc1cc(OC2CCCC2)c(NC(=O)Nc3cnc(cn3)C#N)cc1Cl,CHEMBL2001224
219,1584.89,nM,0,Fc1cccc(C(=O)Nc2cnc3[nH]cc(c4ccccc4)c3c2)c1F,CHEMBL1974416
220,1000.0,nM,1,O=C(Cc1ccccc1)Nc2cccc(c2)c3nc4sccn4c3c5ccnc(Nc6cccc(c6)N7CCCC7=O)n5,CHEMBL1991429
221,501.19,nM,1,Fc1cccc(F)c1C(=O)Nc2cccc(c2)c3nc4sccn4c3c5ccnc(Nc6cccc(c6)N7CCCC7=O)n5,CHEMBL2006715
222,1584.89,nM,0,NC(=O)c1sc2c(Br)ccc(Cl)c2c1N,CHEMBL1998611
223,1584.89,nM,0,CN(C)CC(C)(C)CNc1nccc(n1)c2c(nc3occn23)c4ccc(F)cc4,CHEMBL1968127
224,1584.89,nM,0,FC(F)(F)c1ccc(Cn2cc(nn2)c3ccc4[nH]ncc4c3)c(c1)C(F)(F)F,CHEMBL1964413
225,158.49,nM,1,CS(=O)(=O)NC1CCC(CC1)Nc2cc(Cl)nc(n2)c3c[nH]c4ncccc34,CHEMBL2005216
226,1584.89,nM,0,Cc1cc(OCC2CCC(C2)C(=O)O)c(NC(=O)Nc3cnc(cn3)C#N)cc1Cl,CHEMBL1991285
227,5011.87,nM,0,CC(C)(C)c1cc(NC(=O)Nc2cccc3ccccc23)n(n1)c4cccc(c4)C(=O)NCCCO,CHEMBL2007073
228,1584.89,nM,0,CN1CCN(CC1)C2CCC(CC2)n3cc(c4ccc(Oc5ccccc5)cc4)c6c(N)ncnc36,CHEMBL1997617
229,1584.89,nM,0,Nc1nc2ccc(cc2n1CC3CC3)c4c(nc5sccn45)c6ccc(F)cc6,CHEMBL1982874
230,3162.28,nM,0,NC(=O)c1c(NC(=O)NCCCCN2CCCC2)snc1OCc3c(F)cc(Br)cc3F,CHEMBL253969
231,1584.89,nM,0,Cc1n[nH]c2OC(=C(C#N)C(c3ccccc3Cl)c12)N,CHEMBL1970189
232,1584.89,nM,0,Nc1noc2cccc(c3cccc(O)c3)c12,CHEMBL1970340
233,1258.93,nM,1,Cc1n[nH]c2ccc(cc12)c3cncc(OCC(N)Cc4ccc(Cl)c(Cl)c4)c3,CHEMBL1991063
234,5011.87,nM,0,COc1cc2CCN(C(=O)CN(C)C)c2cc1Nc3nc(Nc4cccc(F)c4C(=O)N)c5cc[nH]c5n3,CHEMBL461876
235,1584.89,nM,0,O=C1CCCN1Cc2ccc3c(NC(=O)c4cccn34)c2,CHEMBL539474
236,1584.89,nM,0,CCC(N)(CC)C#Cc1cnc(N)c2c(csc12)c3ccc(NC(=O)Nc4cccc(C)c4)cc3,CHEMBL1983025
237,398.11,nM,1,CCN(CC)CCNC(=O)C=Cc1cnc(N)c2c(csc12)c3ccc(NC(=O)Nc4cccc(C)c4)cc3,CHEMBL2004716
238,5011.87,nM,0,CCc1ccc2nccc(NC(=O)Nc3cccc(n3)C(F)(F)F)c2c1,CHEMBL2000934
239,3981.07,nM,0,CN1CCC(C(O)C1)c2c(O)cc(O)c3C(=O)C=C(Oc23)c4ccccc4Cl,CHEMBL422897
240,5011.87,nM,0,CN1CCN(CC1)c2cc(Nc3cc(C)[nH]n3)nc(Sc4ccc(NC(=O)C5CC5)cc4)n2,CHEMBL572878
241,1584.89,nM,0,C(Nc1nc(cs1)c2ccc3[nH]ncc3c2)c4ccccc4,CHEMBL1682546
242,5011.87,nM,0,Oc1cccc2c(NC(=O)Nc3cnccn3)cccc12,CHEMBL1992371
243,501.19,nM,1,Cc1cccc(c1C)c2[nH]c(cc2C(=O)N)c3ccnc(N)n3,CHEMBL1964290
244,5011.87,nM,0,CCCNC(=O)c1ccc(Nc2nc(NCC(F)(F)F)c3sccc3n2)cc1,CHEMBL2007559
245,3162.28,nM,0,COc1nccn2c(c3ccnc(NCC(C)(C)CO)n3)c(nc12)c4ccc(F)cc4,CHEMBL2005792
246,5011.87,nM,0,CC(C)(C)c1cc(NC(=O)Nc2cccc3ccccc23)n(n1)c4cccc(c4)C(=O)NCCCCC(=O)O,CHEMBL1999506
247,50.12,nM,1,OC1CCCC(C1)Nc2cc(Cl)nc(n2)c3c[nH]c4ncccc34,CHEMBL1976936
248,398.11,nM,1,COc1cc2ncn(c3cc(OCc4ccccc4C(F)(F)F)c(s3)C(=O)O)c2cc1OC,CHEMBL474432
249,1584.89,nM,0,Cc1ccc(CNC2=C(Nc3ccncc3)C(=O)C2=O)cc1,CHEMBL1994864
250,5011.87,nM,0,CCc1c([nH]c2nccnc12)c3ccc(cc3)C(=O)C,CHEMBL1994555
251,1584.89,nM,0,OC1CCCN(C1)C(=O)c2cc(on2)c3ccc4[nH]ncc4c3,CHEMBL1997340
252,3.16,nM,1,Cn1cc(Nc2ncc(Br)c(Nc3ccccc3C(=O)N)n2)cn1,CHEMBL1994669
253,1584.89,nM,0,OCCCn1c(NC(=O)c2cccc(c2)[N+](=O)[O-])nc3ccccc13,CHEMBL210887
254,5011.87,nM,0,CCOc1nc(cc(N)c1C#N)C(=O)NCc2ccccc2S(=O)(=O)N,CHEMBL377408
255,3162.28,nM,1,CCN(CCN)C(=O)c1cccc(c1)n2nc(cc2NC(=O)Nc3cccc4ccccc34)C(C)(C)C,CHEMBL2004637
256,5011.87,nM,0,CNC(=O)c1cc(Oc2ccc(NC(=O)Nc3ccc(Cl)c(c3)C(F)(F)F)cc2)ccn1,CHEMBL1336
257,3981.07,nM,0,Cc1c[nH]c2nccc(Oc3c(F)cc(Nc4cc(Cl)nc(N)n4)cc3F)c12,CHEMBL1971943
258,1584.89,nM,0,Fc1ccc(cc1)c2nc3sccn3c2c4ccncc4,CHEMBL2000508
259,1584.89,nM,0,CN1CCC(CC1)NC(=O)c2cc3c(n[nH]c3s2)c4ccccc4,CHEMBL1987007
260,1584.89,nM,0,Oc1ccc(cc1)c2n[nH]c(Nc3cccc(Cl)c3)c2c4ccc(O)cc4,CHEMBL1985092
261,5011.87,nM,0,CC(=O)OCCn1nc(c2cccc(Br)c2)c3C(=CC(=O)Nc13)C(F)(F)F,CHEMBL1984847
262,1258.93,nM,1,Cn1nc(N)c2c(cncc12)c3ccc(NC(=O)Nc4cccc(c4)C(F)(F)F)cc3,CHEMBL1964692
263,19.95,nM,1,Oc1ccc(cc1)c2ccc3C(=Cc4ccc[nH]4)C(=O)Nc3c2,CHEMBL1980329
264,1584.89,nM,0,OC(COc1cncc(C=Cc2ccncc2)c1)Cc3c[nH]c4ccccc34,CHEMBL1993584
265,1584.89,nM,0,CC(C)(O)Cc1nnc2ccc(nn12)c3c(nc4occn34)c5ccc(F)cc5F,CHEMBL1976732
266,5011.87,nM,0,COc1ccccc1CNC(=N)Nc2nccc(n2)c3cccs3,CHEMBL1997197
267,5011.87,nM,0,NNc1cc(nc(OCCc2ccccn2)n1)N3CCOCC3,CHEMBL1996208
268,1000.0,nM,1,OC(=O)c1ccccc1Nc2ncnc(Nc3ccc4cn[nH]c4c3)n2,CHEMBL1986666
269,794.33,nM,1,OC(=O)c1ccccc1Nc2ccnc(Nc3ccc(cc3)[N+](=O)[O-])n2,CHEMBL242865
270,1584.89,nM,0,Nc1ncnc2sc3CCc4cc(NC(=O)Nc5ccccc5)ccc4c3c12,CHEMBL1994693
271,1584.89,nM,0,CN(C)c1cccc2c(cccc12)S(=O)(=O)N(CCN)c3cncc(c3)c4ccc5cnccc5c4,CHEMBL1967544
272,5011.87,nM,0,CC(C)C(CO)NC(=O)c1cccc(c1)n2nc(cc2NC(=O)Nc3cccc4ccccc34)C(C)(C)C,CHEMBL1971223
273,5011.87,nM,0,OC(=O)C1CN(Cc2ccc(OCc3cccc(c3)C(F)(F)F)cc2Cl)C1,CHEMBL1986265
274,5011.87,nM,0,CN(CCC#N)C(=O)c1cccc(c1)n2nc(cc2NC(=O)Nc3cccc4ccccc34)C(C)(C)C,CHEMBL1974998
275,1584.89,nM,0,CCCC(=O)Nc1nn(C(=O)CC)c2nc3ccccc3cc12,CHEMBL1970913
276,3162.28,nM,0,CCc1c([nH]c2nccnc12)c3ccc(cc3)C(C)(C)O,CHEMBL1976420
277,1584.89,nM,0,Nc1ncnc2onc(c3ccc(NC(=O)Nc4cccc(c4)C(F)(F)F)cc3)c12,CHEMBL213505
278,1584.89,nM,0,Cc1cc(c2ccccc2)n(n1)c3cc(NN=Cc4occc4)ncn3,CHEMBL1999590
279,5011.87,nM,0,Cc1cc(OCc2ccc(Cl)c(Cl)c2)ccc1CN3CC(C3)C(=O)O,CHEMBL1990223
280,1584.89,nM,0,COCCn1cc(c2ccncn2)c(n1)c3ccc(Cl)cc3,CHEMBL1982866
281,3981.07,nM,0,OC(=O)c1ccc(Nc2ncc3CN=C(c4cc(Cl)ccc4c3n2)c5c(F)cccc5F)cc1,CHEMBL259084
282,5011.87,nM,0,Clc1ccc2c(c1)nnc3nnnn23,CHEMBL1986503
283,15848.93,nM,0,N(c1ccccc1)c2ncnc3ccccc23,CHEMBL289959
284,39.81,nM,1,CC(C)(C)c1nc2c3ccc(F)cc3c4C(=O)NC=Cc4c2[nH]1,CHEMBL21156
285,2.0,nM,1,CNC1CC2OC(C)(C1OC)n3c4ccccc4c5c6CNC(=O)c6c7c8ccccc8n2c7c35,CHEMBL1980995
286,1584.89,nM,0,CC(C(=O)N(C)C)n1cc(cn1)c2cnc(N)c3c(csc23)c4ccc(NC(=O)Nc5ccc(C)cc5)cc4,CHEMBL2001485
287,25.12,nM,1,O=C1Nc2ccc3ncsc3c2C1=CNc4ccc(cc4)S(=O)(=O)Nc5ccccn5,CHEMBL1973540
288,398.11,nM,1,NC1CCC(CC1)Nc2nccc(n2)c3c[nH]c4ncccc34,CHEMBL1966628
289,1584.89,nM,0,CCN(CC)CC#Cc1cnc(N)c2c(csc12)c3ccc(NC(=O)Nc4cccc(C)c4)cc3,CHEMBL2001257
290,5011.87,nM,0,Nc1nc2ccc(cc2n1c3nccs3)C#N,CHEMBL1988805
291,1584.89,nM,0,CS(=O)(=O)CCNCc1oc(cc1)c2ccc3ncnc(Nc4ccc(OCc5cccc(F)c5)c(Cl)c4)c3c2,CHEMBL554
292,10.0,nM,1,COCCOC1CCC(CC1)n2nc(c3ccc(Nc4oc5c(C)cc(C)cc5n4)cc3)c6c(N)ncnc26,CHEMBL1984162
293,1584.89,nM,0,COc1cccc(c1)C(C)NC(=O)c2cnc(s2)c3ccncc3,CHEMBL1984633
294,1584.89,nM,0,Clc1cccc(c1)c2cn3C(=O)NC=C(I)c3n2,CHEMBL1982610
295,5011.87,nM,0,Nc1nc2ccc(cc2n1c3nc4CCCCc4s3)C#N,CHEMBL1996345
296,3981.07,nM,0,CN1CCN(Cc2ccc(cc2)C(=O)Nc3ccc(C)c(Nc4nccc(n4)c5cccnc5)c3)CC1,CHEMBL941
297,10000.0,nM,0,O=C1Nc2ccccc2Nc3ccccc13,CHEMBL1727312
298,5011.87,nM,0,Brc1ccc2Cc3cn[nH]c3c2c1,CHEMBL1995172
299,1584.89,nM,0,FC(F)(F)c1cccc(NC(=O)Nc2ccnc3c(Cl)cccc23)n1,CHEMBL1980540
300,1584.89,nM,0,COc1cccc(c1)C(C)NC(=O)c2ccc(cc2NCCCN)c3ccncc3,CHEMBL2006188
301,5011.87,nM,0,FC(F)(F)c1cccc(NC(=O)Nc2ccnc3ccc(Cl)cc23)n1,CHEMBL1967513
302,1584.89,nM,0,Brc1ccc2[nH]nc(c3ccccc3)c2c1,CHEMBL1994074
303,1584.89,nM,0,Cc1ccc(NC(=O)Nc2ccc(cc2)c3coc4ncnc(N)c34)cc1,CHEMBL2005828
304,1584.89,nM,0,OCCCc1cc2OCCCCCOc3nc(NC(=O)Nc2cc1Cl)cnc3C#N,CHEMBL223367
305,1258.93,nM,1,COc1ccc(c2ccc(NC(=O)Nc3cccc(Br)c3)cc2)c4c(N)noc14,CHEMBL271381
306,1584.89,nM,0,Cn1cc(C(CN)c2cncc(C=Cc3ccncc3)c2)c4ccccc14,CHEMBL1979357
307,5011.87,nM,0,CC(Oc1cc(cnc1N)c2cnn(c2)C3CCNCC3)c4c(Cl)ccc(F)c4Cl,CHEMBL1825138
308,5011.87,nM,0,CN1C=C(C=C(Nc2ccc(cn2)C(=O)N3CCOCC3)C1=O)c4cccc(NC(=O)c5ccc(cc5)C(C)(C)C)c4CO,CHEMBL2001584
309,1584.89,nM,0,CCn1c(nc2cnc(Oc3cccc(NC(=O)c4ccc(OCCN5CCOCC5)cc4)c3)cc12)c6nonc6N,CHEMBL220241
310,3981.07,nM,0,Oc1[nH]c2ccc(cc2c1c3ccc(CN4CCOCC4)cn3)C#N,CHEMBL1969664
311,1584.89,nM,0,Nc1ncc(C=CC(=O)NCCCn2ccnc2)c3scc(c4ccc(Br)cc4)c13,CHEMBL1994938
312,5011.87,nM,0,COc1ccc2[nH]cc(C=C3C(=O)Nc4ccccc34)c2c1,CHEMBL1997275
313,1584.89,nM,0,Nc1n[nH]c2nnc(c3ccccc3)c(c4ccccc4)c12,CHEMBL260135
314,5011.87,nM,0,Clc1cccc(c1)C(=O)Nc2n[nH]c3ccc(cc23)c4cn(Cc5ccccc5)nn4,CHEMBL1983595
315,1584.89,nM,0,Cc1cccc(NC(=O)Nc2ccc(cc2)c3ccc4nccnc4c3N)c1,CHEMBL507936
316,1584.89,nM,1,CN(C)C1CCC(CC1)Nc2nc(Cl)cc(n2)c3c[nH]c4ncccc34,CHEMBL1969151
317,1584.89,nM,0,Cc1cc(C)cc(NC(=O)Nc2ccc3c(CCc4sc5ncnc(N)c5c34)c2)c1,CHEMBL1964687
318,1584.89,nM,0,Cc1cc(Cl)ccc1NC(=S)NNC(=O)C(O)(c2ccccc2)c3ccccc3,CHEMBL1988173
319,1584.89,nM,0,CC(C)(C)OC(=O)n1ncc2cc(NC3=C(NCc4ccc(cc4)S(=O)(=O)N)C(=O)C3=O)ccc12,CHEMBL1969506
320,158.49,nM,1,NC1CCC(CC1)Nc2nc(Cl)cc(n2)c3c[nH]c4ncccc34,CHEMBL1973720
321,158.49,nM,1,C1CCC(CC1)Nc2nccc(n2)c3c[nH]c4ncccc34,CHEMBL385478
322,1584.89,nM,0,C(c1cn(nn1)c2ccc3[nH]ncc3c2)n4nnc5ccccc45,CHEMBL1966069
323,794.33,nM,1,COCc1nnn(c1C(=O)NN=C(C)c2ccc(O)cc2O)c3nonc3N,CHEMBL1991180
324,3162.28,nM,1,CCCNC(=O)c1ccc(Nc2nc(CC)c3cc[nH]c3n2)cc1,CHEMBL1997007
325,398.11,nM,1,CC(C)(C)c1ccc2nc([nH]c2c1)c3n[nH]c4ccccc34,CHEMBL1970104
326,1584.89,nM,0,CN(C)CC(=O)Nc1n[nH]c2ccc(cc12)c3cn(Cc4ccccc4)nn3,CHEMBL1965631
327,1584.89,nM,0,NC(COc1cncc(c1)c2ccc(N)c(c2)C(=O)c3ccccc3)Cc4c[nH]c5ccccc45,CHEMBL1972125
328,1584.89,nM,0,CS(=O)(=O)Nc1cc2OCCCCCOc3nc(NC(=O)Nc2cc1Cl)cnc3C#N,CHEMBL223460
329,1258.93,nM,0,CN(C)CC#Cc1cnc(N)c2c(csc12)c3ccc(NC(=O)Nc4cccc(C)c4)cc3,CHEMBL1979883
330,794.33,nM,1,Cc1n[nH]c2ccc(cc12)c3cncc(OCC(N)Cc4cccc(Cl)c4)c3,CHEMBL1974870
331,1584.89,nM,0,CNc1ncnc2NCCC(=Nc12)c3ccc(NC(=O)Nc4cccc(c4)C(F)(F)F)cc3,CHEMBL1981410
332,1584.89,nM,0,Nc1n[nH]c2cccc(c3ccc(Br)cc3)c12,CHEMBL1990346
333,5011.87,nM,0,Nc1ccc2c(C(=O)O)n(nc2c1)c3ccccc3,CHEMBL1974574
334,5011.87,nM,0,CN(C)CCCN(C)C(=O)c1cccc(c1)n2nc(cc2NC(=O)Nc3cccc4ccccc34)C(C)(C)C,CHEMBL1964948
335,1584.89,nM,0,[O-][N+](=O)c1cnc(NC(=O)NCc2ccccc2)s1,CHEMBL1964644
336,3981.07,nM,1,FC(F)(F)c1cccc(NC(=O)Nc2ccnc3cc(Cl)ccc23)n1,CHEMBL1981744
337,199.53,nM,1,Nc1nc(Nc2ccc(cc2)S(=O)(=O)N)nn1C(=O)c3c(F)cccc3F,CHEMBL191003
338,1584.89,nM,0,NC(=O)Cn1cc(c2cc(c3cc4ccccc4s3)c5[nH]ncc5c2)c6nc(N)ncc16,CHEMBL1985095
339,2511.89,nM,0,CC(O)Cn1cc(cn1)c2cnc(N)c3c(csc23)c4ccc(NC(=O)Nc5cccc(C)c5)cc4,CHEMBL1989708
340,5011.87,nM,0,Fc1ccc(F)c(c1)C(=O)Nc2n[nH]c3ccc(cc23)c4cn(Cc5ccccc5)nn4,CHEMBL1995811
341,1584.89,nM,0,CCOc1nc(cc(N)c1C#N)C(=O)NCc2ccncc2,CHEMBL1984206
342,5.01,nM,1,Fc1ccc2ncn(c3ncc4NC(=O)N(C5CCOc6c(F)cccc56)c4n3)c2c1,CHEMBL2000393
343,15848.93,nM,0,Cc1nn(C)c2sc(C(=O)N)c(N)c12,CHEMBL1996837
344,1584.89,nM,0,Clc1ccc(CC(=O)Nc2[nH]nc3CCCc23)cc1,CHEMBL2003482
345,1584.89,nM,0,CN1CCC(CC1)C(=O)n2nc(N)c3cc(ccc23)c4cn(Cc5ccccc5)nn4,CHEMBL1978014
346,5011.87,nM,0,CCOc1ccc(C=C2SC(=N)NC2=O)c(O)c1,CHEMBL1971289
347,5011.87,nM,0,Fc1cc(F)c2nccc(NC(=O)Nc3cnccn3)c2c1,CHEMBL1967336
348,158.49,nM,1,Cc1cc(cc2[nH]c(nc12)C3=C(NCC(O)c4cccc(Cl)c4)C=CNC3=O)N5CCOCC5,CHEMBL2005886
349,50.12,nM,1,CN1CCN(CC1)c2ccc(Nc3ncc(F)c(NC4C5CC(C=C5)C4C(=O)N)n3)cc2C,CHEMBL1967878
350,63.1,nM,1,CCN1CCN(CC1)c2ccc(Nc3ncc(Cl)c(Nc4ccc5[nH]ncc5c4)n3)cc2,CHEMBL1967998
351,316.23,nM,1,CN1CCN(CC1)c2cc(Nc3cc(C)[nH]n3)nc(C=Cc4ccccc4)n2,CHEMBL1983923
352,5011.87,nM,1,OCc1ccc(cc1)c2sc(nc2C(=O)O)N3CCc4cccc(C(=O)Nc5nc6ccccc6s5)c4C3,CHEMBL1983980
353,1584.89,nM,0,Nc1ncnc(Nc2cc(CNC(=O)C(F)(F)F)c(O)c(c2)c3ccc(Cl)cc3)n1,CHEMBL2001239
354,1584.89,nM,0,CC(C)Cn1c(N)nc2ccc(cc12)c3c(nc4sccn34)c5ccc(F)cc5,CHEMBL1965423
355,3162.28,nM,1,CCN1c2cc(N)ccc2c3ccc(N)cc3C1(O)c4ccccc4,CHEMBL1991818
356,1584.89,nM,0,COc1ccc(C=NNc2ncnc3c4ccccc4[nH]c23)cc1OC,CHEMBL1974664
357,316.23,nM,1,CCN(C(=O)C)c1ccc(Nc2nc(NC3CC3)c4nc[nH]c4n2)cc1,CHEMBL2006564
358,1584.89,nM,0,CCC1N(C2CCCC2)c3nc(Nc4ccc(cc4OC)C(=O)NC5CCCCC5)ncc3N(C)C1=O,CHEMBL2005375
359,5011.87,nM,0,Nc1ncc(c2cnn(CCO)c2)c3scc(c4ccc(NC(=O)Nc5ccc(OC(F)F)cc5)cc4)c13,CHEMBL1972220
360,794.33,nM,1,Cc1c(nnn1Cc2ccccc2)c3ccc4[nH]nc(N)c4c3,CHEMBL1989646
361,15848.93,nM,0,OC(=O)c1cc(c2cccs2)n3nccc3n1,CHEMBL1977619
362,1584.89,nM,0,O=C(Cc1ccccc1)Nc2cccc(c2)c3nc4sccn4c3c5ccnc(Nc6cccc(c6)N7CCOCC7)n5,CHEMBL1090360
363,316.23,nM,1,Cc1n[nH]c2ccc(cc12)c3cncc(OCC(N)Cc4c[nH]c5ccccc45)c3,CHEMBL1970903
364,1584.89,nM,0,CCCOc1cccc(c1)C(C)NC(=O)c2ccc(cc2)c3ccncc3,CHEMBL2007296
365,5011.87,nM,0,CN(CCN)C(=O)c1cccc(c1)n2nc(cc2NC(=O)Nc3cccc4ccccc34)C(C)(C)C,CHEMBL1979773
366,5011.87,nM,0,CCCOc1cccc(c1)C(C)NC(=O)c2ccc(cc2)c3ccncc3F,CHEMBL1971606
367,1584.89,nM,0,COc1cc(C=C2SC(=O)NC2=O)ccc1O,CHEMBL2003286
368,5011.87,nM,0,Cc1ccc(F)c(NC(=O)Nc2ccc(cc2)c3cccc4[nH]nc(N)c34)c1,CHEMBL223360
369,5011.87,nM,0,CC(C)(C)n1nc(c2ccc(Cl)cc2)c3c(N)ncnc13,CHEMBL406845
370,1584.89,nM,0,OC(=O)c1cc2c(cncc2s1)c3ccccc3,CHEMBL1996390
371,1584.89,nM,0,Nc1nccc2scc(c3ccc(NC(=O)Nc4cccc(Cl)c4)cc3)c12,CHEMBL394790
372,15848.93,nM,0,C1c2ccccc2c3n[nH]cc13,CHEMBL1989423
373,1584.89,nM,0,Clc1ccc(CNC2=C(Nc3ccncc3)C(=O)C2=O)cc1,CHEMBL1980489
374,5011.87,nM,0,CN(C)c1ccc(cc1)c2cc(nc(NS(=O)(=O)c3ccc(N)cc3)n2)c4ccc(cc4)[N+](=O)[O-],CHEMBL1980167
375,1584.89,nM,0,Cc1c[nH]c(n1)c2cnc(NCCNc3ccc(cn3)C#N)nc2c4ccc(Cl)cc4Cl,CHEMBL412142
376,3162.28,nM,0,CN1CCN(CC1)c2ccc3nc([nH]c3c2)C4=C(N)c5c(F)cccc5NC4=O,CHEMBL522892
377,794.33,nM,1,COc1cc(Nc2ncnc(n2)N3CCCc4cc(C)ccc34)cc(OC)c1OC,CHEMBL1992125
378,1584.89,nM,0,NC(=O)c1cc(cc2cccnc12)c3cccc(N)c3,CHEMBL1970314
379,2511.89,nM,0,Fc1cccc(c1)C(=O)Nc2n[nH]c3ccc(cc23)c4cn(Cc5ccccc5)nn4,CHEMBL2003638
380,1995.26,nM,1,CC(C)Oc1cc(Nc2nc(NC(C)c3ccc(F)cn3)ncc2Cl)n[nH]1,CHEMBL2007421
381,398.11,nM,1,COc1cc(C=C(C#N)c2nc3ccccc3[nH]2)c(Br)cc1O,CHEMBL1994241
382,1584.89,nM,0,COc1ccc(cc1OC)c2cc3nccn3c(Nc4ccccc4C(=O)N)n2,CHEMBL1998112
383,5011.87,nM,0,CCCC(=O)Nc1cc(cc(Cl)n1)c2c[nH]c3ncccc23,CHEMBL1998470
384,1584.89,nM,0,Fc1cccc(F)c1C(=O)Nc2cnc3[nH]cc(c4ccccc4)c3c2,CHEMBL1996979
385,5011.87,nM,0,ON=C1C=C(Oc2c(CC=C)cccc12)c3ccccc3,CHEMBL1977749
386,5011.87,nM,0,Clc1cc(Nc2nc(NC3CC3)c4sccc4n2)ccc1N5CCOCC5,CHEMBL2002586
387,1584.89,nM,0,Oc1ccc(Nc2[nH]nc(c3ccc(O)cc3)c2c4ccc(O)cc4)cc1,CHEMBL1969042
388,1584.89,nM,0,C1CCC(CC1)Nc2c(nc3ncccn23)c4ccc5[nH]ncc5c4,CHEMBL1682552
389,5011.87,nM,0,Cc1cc(O)nc2[nH]nc(c3cccc(c3)c4ccc(cc4)C#N)c12,CHEMBL2000724
390,5011.87,nM,0,Oc1cccc2sc(NC(=O)Nc3ccccc3c4ccccc4)nc12,CHEMBL2002690
391,1584.89,nM,0,Fc1ccc(cc1)c2nc3cnccn3c2c4ccnc(NCC5CC5)n4,CHEMBL1990904
392,5011.87,nM,0,Nc1ncnc2c1c(nn2C3CCCC3)c4cnc5[nH]ccc5c4,CHEMBL1081312
393,5011.87,nM,0,C1CCN(CC1)c2ncnc3[nH]cc(c4ccccc4)c23,CHEMBL1998953
394,1584.89,nM,0,FC(F)(F)c1ccc2c(NC(=O)Nc3ccc(cn3)C#N)ccnc2c1,CHEMBL1999718
395,15848.93,nM,0,NC(=O)c1cccc2cn[nH]c12,CHEMBL451401
396,5011.87,nM,0,CC(C)(C)c1oc(CSc2cnc(NC(=O)C3CCNCC3)s2)nc1,CHEMBL296468
397,199.53,nM,1,COc1cc2ncn(c3cc(OCc4ccccc4C(F)(F)F)c(s3)C(=O)N)c2cc1OC,CHEMBL514499
398,158.49,nM,1,N#CCC(C1CCCC1)n2cc(cn2)c3ncnc4[nH]ccc34,CHEMBL2002099
399,1584.89,nM,0,NCCCNS(=O)(=O)c1cccc(c1)C(=O)Nc2ccc(cc2)C3=NNC(=O)c4ccccc34,CHEMBL1966279
400,1584.89,nM,0,Fc1ccc(cc1)c2nc3occn3c2c4ccnc(NC5CCNCC5)n4,CHEMBL1971186
401,3981.07,nM,0,OC(=Nc1cccc(Cl)c1)Nc2ncc(CCN=C3NC=Nc4ccsc34)s2,CHEMBL482767
402,5011.87,nM,0,O=C(Cc1cccs1)Nc2nc3ccccc3s2,CHEMBL1421720
403,1584.89,nM,0,Cc1ccc(NC(=O)Nc2ccc(NC(=O)c3csc4ncnc(N)c34)cc2)cc1,CHEMBL1972576
404,1584.89,nM,0,COc1cc2ncnc(Nc3ccc(F)c(Cl)c3)c2cc1OCCCN4CCOCC4,CHEMBL939
405,3981.07,nM,0,CCOc1nc(cc(N)c1C#N)C(=O)NCc2ccc(cc2)S(=O)(=O)C,CHEMBL424872
406,1584.89,nM,0,OCC(O)COc1cc2OCCCCCOc3nc(NC(=O)Nc2cc1Cl)cnc3C#N,CHEMBL223257
407,1584.89,nM,0,Clc1ccc(cc1Cl)c2n[nH]cc2c3ccncn3,CHEMBL1984191
408,1584.89,nM,0,COc1ccc(c2ccc(NC(=O)Nc3cc(F)cc(F)c3)cc2)c4c(N)noc14,CHEMBL1969190
409,5011.87,nM,0,[O-][N+](=O)c1ccc(NC(=O)N2CCc3[nH]c4c(Cl)cc(Cl)cc4c3C2)cc1,CHEMBL1976196
410,1258.93,nM,1,Cc1cc(O)ccc1N2c3cc(Cl)ccc3C(=O)c4c(N)nc(N)nc24,CHEMBL1995592
411,79432.82,nM,1,Nc1ncnc2sccc12,CHEMBL1972934
412,1584.89,nM,0,C(c1ccccc1)n2nnc(c3ccc4[nH]ncc4c3)c2C5CC5,CHEMBL1975418
413,1584.89,nM,0,Clc1ccc(CNC2=C(Nc3ccc4[nH]ncc4c3)C(=O)C2=O)c(Cl)c1,CHEMBL1979554
414,1584.89,nM,0,CCCC(=O)Nc1n[nH]c2ccc(cc12)c3cn(Cc4ccccc4)nn3,CHEMBL1977223
415,1584.89,nM,0,Cc1ccccc1NC(=O)Nc2ccc(NC(=O)c3csc4ncnc(N)c34)cc2,CHEMBL1980144
416,1584.89,nM,0,Cc1ccc(F)c(NC(=O)Nc2ccc(cc2)c3cncc4c3c(N)nn4C)c1,CHEMBL402846
417,1584.89,nM,0,NC(COc1cncc(c1)c2cc3cnccc3s2)Cc4c[nH]c5ccccc45,CHEMBL1972840
418,1584.89,nM,0,OCCC(Nc1nc2ccc(cc2s1)c3ccncc3)c4ccccc4,CHEMBL1982122
419,0.631,nM,1,Cn1c2ccccc2c3c4C(=O)NCc4c5c6ccccc6n(CCC#N)c5c13,CHEMBL302449
420,19952.62,nM,1,c1ccc(cc1)c2ccnc3[nH]ccc23,CHEMBL482538
421,1584.89,nM,0,CS(=O)(=O)c1ccc(cc1)c2cncc3sc(cc23)C(=O)N,CHEMBL1972362
422,1584.89,nM,0,Cc1ccc(Cn2cc(nn2)c3ccc4[nH]ncc4c3)c(C)c1,CHEMBL1984432
423,100.0,nM,1,Clc1cc(nc(NC2CCOCC2)n1)c3c[nH]c4ncccc34,CHEMBL1980253
424,19.95,nM,1,CN1CCN(CC1)c2ccc(Nc3ncc(Cl)c(Nc4ccc5[nH]ncc5c4)n3)cc2,CHEMBL1979690
425,5011.87,nM,0,C[S+]([O-])c1ccc(cc1)c2nc(c3ccc(F)cc3)c([nH]2)c4ccncc4,CHEMBL10
426,1584.89,nM,0,COc1cccc2NC(=O)c3ccc(Nc4ccncc4)cc3Nc12,CHEMBL2006276
427,31.62,nM,1,C(Nc1cc(ncn1)c2c[nH]c3ncccc23)c4ccccc4,CHEMBL2002346
428,1584.89,nM,0,CC(C)S(=O)(=O)n1c(N)nc2ccc(cc12)c3c(nc4sccn34)c5ccc(F)cc5,CHEMBL2003657
429,5011.87,nM,0,CC(C)C(CO)NC(=O)c1cccc(c1)n2nc(cc2NC(=O)Nc3cccc4ccccc34)C(C)(C)C,CHEMBL1971223
430,5011.87,nM,0,CC(C)(C)c1cc(NC(=O)C(=O)c2cccc3ccccc23)n(n1)c4cccc(OCC(=O)NCCO)c4,CHEMBL1998680
431,1584.89,nM,0,Cc1cc(C)c2c(n1)sc3c(N)ncnc23,CHEMBL504950
432,2511.89,nM,0,CNC(=O)c1ccccc1Nc2nc(Nc3ccc(cc3OC)N4CCOCC4)ncc2Cl,CHEMBL458997
433,5011.87,nM,0,Cn1cc(c2cc3nc(Br)cnc3[nH]2)c4ccccc14,CHEMBL1978167
434,1584.89,nM,0,Cc1ccccc1NC(=O)Nc2ccc(cc2)c3coc4ncnc(N)c34,CHEMBL1984586
435,1584.89,nM,0,O=C1Nc2sc3CCCCc3c2c4nc(nn14)c5ccccc5,CHEMBL2007592
436,1584.89,nM,0,CCOC(=O)c1ccc2[nH]c3C(=O)NCCc3c2c1,CHEMBL2005528
437,5011.87,nM,0,CC(C)C(C)Nc1ncc(Cl)c(Nc2nccs2)n1,CHEMBL1993374
438,251.19,nM,1,COc1ccc(cc1OC)C2=NNc3cccc4c(OC)ccc2c34,CHEMBL1997335
439,5011.87,nM,0,COc1cc(OC)cc(c1)C(=O)Nc2n[nH]c3ccc(cc23)c4cn(Cc5ccccc5)nn4,CHEMBL2002613
440,2511.89,nM,1,CS(=O)(=O)NC1CCCC(C1)Nc2nc(Cl)cc(n2)c3c[nH]c4ncccc34,CHEMBL1987948
441,1584.89,nM,0,CN1CCN(CC1)c2cccc(Nc3nccc(n3)c4c(nc5ccccn45)C(=O)N)c2,CHEMBL1971245
442,1584.89,nM,0,NCCOc1cncc(C=Cc2ccncc2)c1,CHEMBL1989518
443,1584.89,nM,0,CCOc1nc(cc(N)c1Cl)C(=O)NCc2ccccc2S(=O)(=O)N,CHEMBL2006581
444,1584.89,nM,0,FC(F)(F)c1cccc2c(NC(=O)Nc3cnccn3)ccnc12,CHEMBL1994538
445,1584.89,nM,0,Cc1ccc(CNC2=C(Nc3ccncc3)C(=O)C2=O)cc1C,CHEMBL1983449
446,1584.89,nM,0,CN(C(=O)C1CCCCC1)c2ccc3c(c2)nc(NC(=O)c4ccc(cc4)C#N)n3CCC(=O)N,CHEMBL485556
447,1584.89,nM,0,COc1ccc2c(NC(=O)Nc3cc(ccn3)C(F)(F)F)ccnc2c1,CHEMBL1979176
448,1584.89,nM,0,CC(=O)N1CCN(CC1)C2CCC(CC2)n3nc(c4ccc(NC(=O)c5cc6ccccc6n5C)cc4)c7c(N)ncnc37,CHEMBL1972584
449,1584.89,nM,0,CC(=O)N1CCN(CC1)C2CCC(CC2)n3nc(c4ccc(NC(=O)c5cc6ccccc6n5C)cc4)c7c(N)ncnc37,CHEMBL1972584
450,2511.89,nM,1,CCCNC(=O)c1ccc(Nc2nc(CCC(F)(F)F)c3cc[nH]c3n2)cc1,CHEMBL1984760
451,1584.89,nM,0,Cc1nc(COc2ccccc2Cl)sc1c3ccnc(N)n3,CHEMBL1375640
452,501.19,nM,1,CN(C)c1ccc(cc1)C(=O)Nc2n[nH]c3ccc(cc23)c4cn(Cc5ccccc5)nn4,CHEMBL1992363
453,2511.89,nM,0,CNC(=O)c1ccccc1Sc2ccc3c(C=Cc4ccccn4)n[nH]c3c2,CHEMBL1988437
454,1584.89,nM,0,FC(F)(F)c1ccc2c(NC(=O)Nc3cnccn3)ccnc2c1,CHEMBL2003817
455,5011.87,nM,0,Cc1ccc(F)c(NC(=O)Nc2ccc(cc2)c3ccc(OCCCn4cccc4)c5[nH]nc(N)c35)c1,CHEMBL2007266
456,1584.89,nM,0,FC(F)(F)c1ccc2c(NC(=O)Nc3cccc(n3)C(F)(F)F)ccnc2c1,CHEMBL1973483
457,1584.89,nM,0,CC(C)NC(=O)COc1cccc(c1)c2nc(Nc3ccc4[nH]ncc4c3)c5ccccc5n2,CHEMBL2005186
458,1584.89,nM,1,OCC(NC(=O)N1CCC(=CC1)c2c[nH]c3ncccc23)c4ccccc4,CHEMBL1964937
459,1584.89,nM,0,C(c1ccccc1)c2cn(nn2)c3ccc4[nH]ncc4c3,CHEMBL1682341
460,100.0,nM,1,Cc1cc(Nc2nc(Cl)cc(NCc3ccccc3)n2)n[nH]1,CHEMBL2005449
461,1584.89,nM,0,CNC(=O)N1CCN(CCCOc2ccc3Cc4c(n[nH]c4c3c2)c5ccc(nc5)C#N)CC1,CHEMBL2001998
462,19952.62,nM,1,Nc1nnc2cncc(Cl)n12,CHEMBL1968130
463,5011.87,nM,0,COc1cccc(c1)C(C)NC(=O)c2ccc(cc2)c3ccncc3,CHEMBL1975121
464,630.96,nM,1,Nc1ncc(c2cocc2)c3scc(c4ccc(NC(=O)Nc5cccc(F)c5)cc4)c13,CHEMBL1966514
465,5011.87,nM,0,CC(C)c1ccc2C(=O)c3c(C)ccnc3Nc2c1,CHEMBL1989471
466,5011.87,nM,0,CCN1CCN(Cc2ccc(NC(=O)Nc3ccc(Oc4cc(NC)ncn4)cc3)cc2C(F)(F)F)CC1,CHEMBL574738
467,5011.87,nM,0,ON=C1c2ccccc2c3ccc(NS(=O)(=O)c4cccc(Br)c4)cc13,CHEMBL1973793
468,501.19,nM,1,COc1ccc2NC(=O)C(=Cc3c[nH]cn3)c2c1,CHEMBL2002649
469,5011.87,nM,0,CC(C)Nc1ncc(Br)c(Nc2ncc(C)s2)n1,CHEMBL1973013
470,316.23,nM,1,CNc1nc(C)c(s1)c2ccnc(Nc3ccc(cc3)N4CCNCC4)n2,CHEMBL1999484
471,5011.87,nM,0,Oc1ccc2nc([nH]c2c1)c3ccc(Sc4ccc(cc4)c5nc6ccc(O)cc6[nH]5)cc3,CHEMBL2001149
472,5011.87,nM,0,Clc1ccc(cc1)C(=O)Nc2n[nH]c3ccc(cc23)c4cn(Cc5ccccc5)nn4,CHEMBL1987073
473,3162.28,nM,0,Cc1ccc2nccc(NC(=O)Nc3cccc(n3)C(F)(F)F)c2c1,CHEMBL1964444
474,5011.87,nM,0,CCN(CC)CCCNC(=O)c1cnc(N)c2c(csc12)c3ccc(NC(=O)Nc4cccc(C)c4)cc3,CHEMBL1999414
475,3.16,nM,1,CC1CCN(CC1c2ncc3cnc4[nH]ccc4n23)C(=O)CC#N,CHEMBL1966175
476,5011.87,nM,0,CC(C)(C)c1cc(NC(=O)C(=O)c2cccc3ccccc23)n(n1)c4ccc(OCC(=O)N)cc4,CHEMBL1977634
477,501.19,nM,1,CC(C)(CNc1cc(cc(Cl)n1)c2c[nH]c3ncccc23)CNS(=O)(=O)C,CHEMBL1971172
478,1584.89,nM,0,CN1CCN(CCCNc2cccc(n2)c3nc4c(cccc4[nH]3)C(=O)N)CC1,CHEMBL2006237
479,5011.87,nM,0,OC(=O)C1CN(Cc2ccc(OCc3ccccc3)cc2Cl)C1,CHEMBL1987998
480,1584.89,nM,0,COc1cccc(c1)C(C)NC(=O)c2ccc(cc2)c3ccncn3,CHEMBL2004872
481,1584.89,nM,0,CC(C)Nc1c(nc2ncccn12)c3ccc4[nH]ncc4c3,CHEMBL1682553
482,3981.07,nM,1,Fc1cc2nccc(NC(=O)Nc3cccc(n3)C(F)(F)F)c2cc1F,CHEMBL1981792
483,1584.89,nM,0,FC(F)(F)c1ccc2nccc(NC(=O)Nc3cnccn3)c2c1,CHEMBL1976455
484,3981.07,nM,1,COc1c2C(=O)C=C(C)Oc2cc(O)c1c3nc4ccccc4[nH]3,CHEMBL1972355
485,125.89,nM,1,Cc1ccccc1c2c(nnn2Cc3ccccc3)c4ccc5[nH]nc(N)c5c4,CHEMBL2000029
486,5011.87,nM,0,Nc1nc(Cl)cc(n1)c2c[nH]c3ncccc23,CHEMBL2007574
487,1584.89,nM,1,COc1cc(C=C(C#N)c2n[nH]c(N)c2C#N)ccc1O,CHEMBL2002407
488,5011.87,nM,0,CCc1cnn2c(NCc3ccc[n+]([O-])c3)cc(nc12)N4CCCCC4CCO,CHEMBL2006674
489,1584.89,nM,0,Fc1ccc(NC(=O)Nc2ccc(cc2)c3cccc4sncc34)cc1C(F)(F)F,CHEMBL2000801
490,1584.89,nM,0,Cc1cccc(NC(=O)Nc2ccc(cc2)c3cncc4c3c(N)nn4C)c1,CHEMBL404367
491,12.59,nM,1,CNS(=O)(=O)c1ccccc1Nc2nc(Nc3cc(ccc3OC)N4CCN(CC4)C(=O)C)ncc2Br,CHEMBL1971029
492,3162.28,nM,0,NC(=O)c1cc([nH]c1c2ccc(Cl)cc2F)c3ccnc(N)n3,CHEMBL1981079
493,1584.89,nM,0,COc1ccc(cc1OC)c2cc3nccn3c(Nc4ncccc4C(=O)N)n2,CHEMBL1190711
494,1000.0,nM,1,CN(c1ncccc1CNc2nc(Nc3ccc4NC(=O)Cc4c3)ncc2C(F)(F)F)S(=O)(=O)C,CHEMBL1084546
495,5011.87,nM,0,CCOc1ccccc1c2cccc(c2)c3n[nH]c4nc(O)cc(C)c34,CHEMBL1983070
496,5011.87,nM,0,CCn1c(nc2cncc(C(=O)N3CCC(N)C3)c12)c4nonc4N,CHEMBL1870106
497,1584.89,nM,0,Cc1n[nH]c2NC3=C(C(c4ccccc4F)c12)C(=O)CC(C)(C)C3,CHEMBL1966703
498,316.23,nM,1,Fc1cnc(Nc2ccccc2)nc1Nc3ccccc3,CHEMBL491758
499,1584.89,nM,0,OC(C(=O)NNC(=S)Nc1ccc(F)cc1)(c2ccccc2)c3ccccc3,CHEMBL1975138
500,1584.89,nM,0,OC(=O)c1ccc2cc(NC(=O)Nc3cnc(cn3)C#N)ccc2c1,CHEMBL560813
501,3162.28,nM,0,Clc1cc(nc(NC2CCCCC2)n1)c3c[nH]c4ncccc34,CHEMBL2006439
502,5011.87,nM,0,CN1CCN(CC1)c2ccc(Nc3nc(N)c(s3)C(=O)c4c(Cl)cccc4Cl)cc2,CHEMBL1989043
503,1584.89,nM,0,Cc1cc(C)cc(NC(=O)Nc2ccc(c(C)c2)c3cccc4C(=O)NCc34)c1,CHEMBL2004311
504,1584.89,nM,0,COc1cc(ccc1NC(=O)c2cc3ccccc3n2C)c4nn(C5CCC(CC5)N6CCN(CC6)C(=O)C)c7ncnc(N)c47,CHEMBL1970879
505,1584.89,nM,0,Cc1cccc(NC(=O)Nc2ccc(cc2)c3csc4c(cnc(N)c34)C#Cc5cccnc5)c1,CHEMBL1971947
506,5011.87,nM,0,NCc1cc(Nc2ncnc(n2)c3ccccc3)ccc1O,CHEMBL1980246
507,1000.0,nM,1,Cn1cc(cn1)c2cnn3c(N)c(cnc23)c4ccc(NC(=O)Nc5cccc(c5)C(F)(F)F)cc4,CHEMBL1988717
508,251.19,nM,1,COc1ccc(CNc2cc(cc(F)n2)c3c[nH]c4ncccc34)cc1,CHEMBL1986855
509,39.81,nM,1,NC1CCCC(C1)Nc2nc(Cl)cc(n2)c3c[nH]c4ncccc34,CHEMBL1998432
510,1584.89,nM,0,Cc1onc(NC(=O)CCNC(=O)Nc2nc(C)c(s2)c3ccc(cc3)n4cccn4)c1,CHEMBL1986603
511,1584.89,nM,0,Cc1nccn2c(c3ccnc(NCC4(O)CC4)n3)c(nc12)c5ccc(F)cc5F,CHEMBL1965589
512,5011.87,nM,0,CC(C)NC1=NNC(=O)C1=Cc2cc3ccccc3[nH]2,CHEMBL1988692
513,1584.89,nM,0,NC(COc1cncc(c1)c2cc3ccncc3s2)Cc4c[nH]c5ccccc45,CHEMBL1966524
514,1995.26,nM,1,Cn1cc(c2cc3nc(Br)cnc3[nH]2)c4cc(F)ccc14,CHEMBL1993335
515,1258.93,nM,1,CC(=O)NC1CCCC(C1)Nc2nc(Cl)cc(n2)c3c[nH]c4ncccc34,CHEMBL1980178
516,3981.07,nM,0,COc1cccc(F)c1C2=NCc3cnc(Nc4ccc(C(=O)O)c(OC)c4)nc3c5ccc(Cl)cc25,CHEMBL483158
517,5011.87,nM,0,CCCCC(=O)Nc1cc(cc(Cl)n1)c2c[nH]c3ncccc23,CHEMBL2006450
518,50.12,nM,1,CCN(CC)CCCNC(=O)c1cnc(N)c2c(csc12)c3ccc(NC(=O)Nc4cccc(F)c4)cc3,CHEMBL1996649
519,5011.87,nM,0,COc1ccccc1c2ccnc(Nc3cccc(c3)S(=O)(=O)C)n2,CHEMBL1975903
520,1584.89,nM,0,Nc1nccc2scc(c3ccc(NC(=O)Nc4cccc(Br)c4)cc3)c12,CHEMBL1976220
521,1584.89,nM,0,CCS(=O)(=O)c1ccc(cc1)c2cncc3sc(cc23)C(=O)N,CHEMBL2000104
522,1258.93,nM,1,NC(=O)c1cc2c(cncc2s1)c3ccc(Br)c(F)c3F,CHEMBL1999918
523,1584.89,nM,0,COc1cccc(C=C2SC(=Nc3ccccc3)NC2=O)c1,CHEMBL1972937
524,251.19,nM,1,Oc1ccc2[nH]c3cc(c4ccccc4Cl)c5C(=O)NC(=O)c5c3c2c1,CHEMBL379975
525,5011.87,nM,0,COc1ccc(COc2ccc(Cc3cnc(N)nc3N)cc2OC)cc1,CHEMBL261849
526,1584.89,nM,0,CC(C)(CO)CNc1nccc(n1)c2c(nc3c(CC4CC4)nccn23)c5ccc(F)cc5,CHEMBL1991800
527,1584.89,nM,0,CC(NC1=C(N(C(=O)C)c2ccncc2)C(=O)C1=O)C(C)(C)C,CHEMBL2005899
528,5011.87,nM,0,CCCCNC(=O)C1=CN(C(CC)CC)C(=O)c2cc(OC)c(OC)cc12,CHEMBL1982700
529,1584.89,nM,0,C(Oc1ccc(Nc2ncnc3ccccc23)cc1)c4ccccc4,CHEMBL1980163
530,1584.89,nM,0,Cc1cc(C)cc(NC(=O)Nc2ccc(NC(=O)c3csc4ncnc(N)c34)cc2)c1,CHEMBL1970203
531,501.19,nM,1,Nc1ncnc2NCCC(=Nc12)c3ccc(NC(=O)Nc4cccc(c4)C(F)(F)F)cc3,CHEMBL260092
532,398.11,nM,1,CCN(CC)CCOc1ccc(Nc2ncc3C=C(C(=O)N(C)c3n2)c4c(Cl)cccc4Cl)cc1,CHEMBL49120
533,3981.07,nM,0,CCN(CCO)CCCOc1ccc2c(Nc3cc(CC(=O)Nc4cccc(F)c4)[nH]n3)ncnc2c1,CHEMBL215152
534,1584.89,nM,0,OC1COc2ccc(Cl)cc2NC(=O)Nc3cnc(C#N)c(OCC1O)n3,CHEMBL1980802
535,1584.89,nM,0,CCOc1nc(cc(N)c1C#N)C(=O)NCc2cccnc2,CHEMBL209534
536,1584.89,nM,0,CC(Nc1nccc(n1)c2c(nc3occn23)c4ccc(F)cc4)c5ccccc5,CHEMBL1990288
537,5011.87,nM,0,Fc1ccc(F)c2c(NC(=O)Nc3cccc(n3)C(F)(F)F)ccnc12,CHEMBL2001987
538,1584.89,nM,0,O=C1Nc2sccc2c3nc(nn13)c4ccncc4,CHEMBL1968151
539,1584.89,nM,0,NC(=O)c1cc2c(cncc2s1)c3ccc(F)cc3,CHEMBL1974310
540,1584.89,nM,0,COc1cc(c(OC)cc1CC(=O)Nc2cc(N)c(C#N)c(OC(C)C)n2)S(=O)(=O)C,CHEMBL378627
541,1584.89,nM,0,Cc1ccc(NC(=O)Nc2ccc(cc2)c3csc4c(cnc(N)c34)c5cnn(C)c5)cc1,CHEMBL1982466
542,1584.89,nM,0,Clc1cc2C(=O)Nc3ccccc3Nc2nn1,CHEMBL1968850
543,5011.87,nM,0,COc1cccc(CNC(=O)c2cnc(nc2)c3ccncc3)c1,CHEMBL2004159
544,50.12,nM,1,NC(COc1cncc(c1)c2ccc3NC(=O)C(=Cc4occc4)c3c2)Cc5c[nH]c6ccccc56,CHEMBL2001751
545,1584.89,nM,0,Cc1ccc(F)c(NC(=O)Nc2ccc(cc2)c3cncc4c3c(N)nn4C)c1,CHEMBL402846
546,3162.28,nM,0,Fc1cc(Cn2cc(c3ccc4C(=O)Nc5cc(CCOc6ccc(cc6)N7CCOCC7)ccc5Nc4c3)c8ccncc28)cc(F)c1F,CHEMBL2001923
547,501.19,nM,1,CCN1C(=O)SC(=C1C)c2ccnc(Nc3cccc(OC)c3)n2,CHEMBL1986263
548,5011.87,nM,0,COc1cccc(c1)C(C)NC(=O)c2cnc(nc2)c3ccncc3,CHEMBL2003514
549,1584.89,nM,0,Fc1ccccc1CNC2=C(Nc3ccncc3)C(=O)C2=O,CHEMBL1982361
550,5011.87,nM,0,Fc1ccc(cc1)C(=O)Nc2cccc(c2)C3Nc4ccc5ccccc5c4C6C=CCC36,CHEMBL1992042
551,1584.89,nM,0,COc1cc(ccc1O)c2ccc3C(=O)Nc4cc(ccc4Nc3c2)[N+](=O)[O-],CHEMBL1995740
552,1584.89,nM,0,Cc1c(c2cccc(OCc3ccccc3)c2)c4c(N)ncnc4n1C5CCC(CC5)N6CCCC6,CHEMBL2007151
553,5011.87,nM,0,FC(F)(F)c1ccc(Cl)c(NC(=O)CCC(=O)NN=Cc2c[nH]c3ccccc23)c1,CHEMBL1994308
554,1584.89,nM,0,Cc1csc(NC(=O)c2sc3nc(ccc3c2N)c4ccncc4)n1,CHEMBL1986869
555,1584.89,nM,0,COc1cccc(c1)C(C)NC(=O)c2ccc(cc2)c3ccncc3C,CHEMBL1970217
556,1584.89,nM,0,CC1=Nc2c(sc3c(Br)ccc(Cl)c23)C(=O)O1,CHEMBL1974702
557,5011.87,nM,1,CC(C)(CN)CNc1cc(cc(F)n1)c2c[nH]c3ncccc23,CHEMBL1987261
558,1584.89,nM,0,Cc1cccc(NC(=O)Nc2ccc(cc2)c3csc4c(cnc(N)c34)C#CCN5CCCC5)c1,CHEMBL1973211
559,1584.89,nM,0,Fc1ccccc1c2cc(ccn2)c3cc4C(=O)NCCc4[nH]3,CHEMBL226471
560,1584.89,nM,0,COc1cccc(c1)C(C)NC(=O)c2ccc(c(F)c2)c3ccncc3,CHEMBL2004934
561,1584.89,nM,0,CN1CCN(Cc2ccc3c(Cc4c(n[nH]c34)c5csc(c5)C#CCOCC6CC6)c2)CC1,CHEMBL2002446
562,1000.0,nM,1,Nc1ncnc2scc(C(=O)Nc3ccc(NC(=O)Nc4ccccc4)cc3)c12,CHEMBL1988594
563,1995.26,nM,1,CN(C)CC1CCn2cc(C3=C(C(=O)NC3=O)c4cn(CCO1)c5ccccc45)c6ccccc26,CHEMBL360847
564,1584.89,nM,0,NCC1CCC(CNc2nc(NCc3ccccc3Cl)ncc2[N+](=O)[O-])CC1,CHEMBL246970
565,100000.0,nM,0,Nc1ncnc2nc3ccccc3n12,CHEMBL1983884
566,1584.89,nM,0,CCN1CCN(CCCC(=O)Nc2n[nH]c3nnc(cc23)c4cccc(F)c4F)CC1,CHEMBL1992740
567,3981.07,nM,0,N#Cc1ccc(cn1)c2n[nH]c3c2Cc4ccc(OCCCCN5CCOCC5)cc34,CHEMBL398951
568,1000.0,nM,1,CN(C)C(=O)c1c(nnn1Cc2ccccc2)c3ccc4[nH]ncc4c3,CHEMBL1996111
569,1584.89,nM,0,CC(C)(C)OC(=O)n1ncc2cc(NC3=C(NCc4ccc(Cl)cc4Cl)C(=O)C3=O)ccc12,CHEMBL2005548
570,1584.89,nM,0,COc1ccc(cc1)C(=O)N2c3ccccc3Sc4c(Cl)cncc24,CHEMBL1988537
571,2511.89,nM,1,O=C1Nc2ccccc2C1=Cc3ccc[nH]3,CHEMBL1996176
572,1584.89,nM,0,Fc1cccc2c(NC(=O)Nc3cccc(n3)C(F)(F)F)ccnc12,CHEMBL1966816
573,5011.87,nM,0,Cc1ccc(s1)C2=C(C#N)C(=O)NC(=C2)c3cc(Br)ccc3O,CHEMBL1997193
574,1584.89,nM,0,COc1cc(C=C2SC(=Nc3ccccc3)NC2=O)ccc1O,CHEMBL1970522
575,1584.89,nM,0,COc1ccc(c2ccc(NC(=O)Nc3ccc(F)c(C)c3)cc2)c4c(N)noc14,CHEMBL1979093
576,1584.89,nM,0,COCCNc1nccc(n1)c2c(nc3cnccn23)c4ccc(F)cc4,CHEMBL1969372
577,1584.89,nM,0,Cc1c(O)ccc2C(=NNC(=O)Cc3cccc4ccccc34)CCCc12,CHEMBL1972659
578,5011.87,nM,0,Fc1cccc(NC(=O)Nc2cccc(c2)c3ccc4cn[nH]c4c3)c1,CHEMBL1983393
579,1584.89,nM,0,Cc1nc2ccc(NS(=O)(=O)c3ccc(N)cc3)cc2nc1C,CHEMBL2006263
580,1584.89,nM,0,Cc1cc(C)cc(NC(=O)Nc2ccc(c3cccc4C(=O)NCc34)c(c2)C(F)(F)F)c1,CHEMBL1971021
581,1584.89,nM,0,Cc1ccc(F)c(NC(=O)Nc2ccc(cc2)c3ccc4nccnc4c3N)c1,CHEMBL1971649
582,501.19,nM,1,Cc1cccc(NC(=O)Nc2ccc(NC(=O)c3csc4ncnc(N)c34)cc2)c1,CHEMBL1965507
583,1584.89,nM,0,CNC(=O)c1cc2c(n[nH]c2s1)c3ccccc3F,CHEMBL1977681
584,794.33,nM,1,CCCC(=O)Nc1n[nH]c2ccc(cc12)c3nnn(Cc4ccccc4)c3c5ccccc5,CHEMBL2005936
585,1995.26,nM,1,CCOC(=O)c1c(C)n(c2ccc(I)cc2)c3c4ccccc4c(O)cc13,CHEMBL1970352
586,1584.89,nM,0,COc1cc(C)c(Cl)cc1NC(=O)Nc2cnc(cn2)C#N,CHEMBL1975233
587,5011.87,nM,0,CC(C)(C)c1cc(NC(=O)C(=O)c2cccc3ccccc23)n(n1)c4ccc(OCCC(=O)O)cc4,CHEMBL2003689
588,5011.87,nM,0,COc1cc(ccc1C(=O)Nc2n[nH]c3ccc(Cc4cc(F)cc(F)c4)cc23)N5CCN(C)CC5,CHEMBL1973961
589,1584.89,nM,0,Oc1c2C(=O)CC(Cc2nc3cc(Cl)ccc13)c4ccc(Cl)cc4Cl,CHEMBL326282
590,1584.89,nM,0,NC(=O)c1cc2c(cncc2s1)c3ccc(F)cc3F,CHEMBL1975787
591,63.1,nM,1,COCCOC1CCC(CC1)n2nc(c3ccc(Nc4oc5c(Cl)cc(C)cc5n4)cc3)c6c(N)ncnc26,CHEMBL1987054
592,1584.89,nM,0,Cc1ccc(cc1Nc2ncnc3c2cnn3c4ccccc4)C(=O)Nc5ccon5,CHEMBL259922
593,1000.0,nM,1,NCCNc1cc(cc(Cl)n1)c2c[nH]c3ncccc23,CHEMBL1972290
594,1584.89,nM,0,Cc1cccc(NC(=O)Nc2ccc(cc2)c3csc4c(cnc(N)c34)C#CCNS(=O)(=O)C)c1,CHEMBL1994321
595,1584.89,nM,0,O=C(NCC1CCCCC1)c2cc3c(n[nH]c3s2)c4ccccc4,CHEMBL2005475
596,79.43,nM,1,O=C(Nc1n[nH]c2ccc(cc12)c3cn(Cc4ccccc4)nn3)c5ccccc5,CHEMBL1999931
597,1584.89,nM,0,COc1ccc(cc1)c2cnc3c(Br)cnn3c2,CHEMBL443962
598,15848.93,nM,0,Brc1ccc2N=CNC(=O)c2c1,CHEMBL562488
599,1584.89,nM,0,Cc1ccc(F)c(c1)c2ccc3nnc(N)n3c2,CHEMBL2002323
600,1258.93,nM,1,CC(C)N(C)C(=O)c1c(nnn1Cc2ccccc2)c3ccc4[nH]ncc4c3,CHEMBL1969561
601,398.11,nM,1,CC(C)(C)c1ccc2nc([nH]c2c1)c3n[nH]c4ccccc34,CHEMBL1970104
602,1584.89,nM,1,Cc1n[nH]c2ncc(C#N)c(c3ccccc3)c12,CHEMBL1965495
603,10.0,nM,1,OC(=O)c1ccccc1Nc2ccnc(Nc3ccc4cn[nH]c4c3)n2,CHEMBL244378
604,1584.89,nM,0,COc1ccc(C=C2SC(=Nc3ccccc3)NC2=O)cc1O,CHEMBL2000354
605,5011.87,nM,0,Clc1cccc(NC(=O)Nc2nc(CCNc3ncnc4ccsc34)cs2)c1,CHEMBL1986177
606,5011.87,nM,0,CNCC#Cc1cnc(N)c2c(csc12)c3ccc(NC(=O)Nc4cccc(C)c4)cc3,CHEMBL1964441
607,5011.87,nM,0,COCOc1cccc(OCOC)c1c2ccc(NS(=O)(=O)C)cc2C(=O)OC,CHEMBL2004025
608,1584.89,nM,0,FC(F)(F)c1ccc(cc1)c2nnc3ccc(NC4CC4)nn23,CHEMBL451964
609,5011.87,nM,0,NC(=O)c1ccc(cc1)c2nc(c3ccccn3)c([nH]2)c4ccc5OCOc5c4,CHEMBL440084
610,794.33,nM,1,NC(=O)c1ccc2nc(cn2c1)c3oc(cc3)[N+](=O)[O-],CHEMBL1973359
611,1584.89,nM,0,COc1ccc(CNC2=C(Nc3ccc4[nH]ncc4c3)C(=O)C2=O)cc1,CHEMBL1992536
612,3981.07,nM,0,Cc1nccn2c(c3ccnc(NCC(C)(C)O)n3)c(nc12)c4ccc(F)cc4F,CHEMBL1996500
613,1584.89,nM,0,Cc1n[nH]c2ccc(cc12)c3cncc(OCC(N)Cc4ccccc4)c3,CHEMBL2002726
614,1584.89,nM,0,CNC(=O)C=Cc1cnc(N)c2c(csc12)c3ccc4OCOc4c3,CHEMBL1993243
615,1584.89,nM,0,Ic1cc2C(=O)Nc3ccccc3Nc2nn1,CHEMBL1977346
616,1584.89,nM,0,COc1cccc(Nc2ncnc3ccccc23)c1,CHEMBL117697
617,501.19,nM,1,O=C1NCCc2[nH]c(cc12)c3ccnc(C=Cc4ccccc4)c3,CHEMBL1997129
618,1584.89,nM,0,Nc1nccc2scc(c3ccc(NC(=O)Nc4ccccc4C(F)(F)F)cc3)c12,CHEMBL1987910
619,1584.89,nM,0,Nc1oc(nn1)c2cc3c(Oc4ccc(Cl)cc4)cncc3s2,CHEMBL1994830
620,3981.07,nM,0,Cc1nc(Nc2ncc(s2)C(=O)Nc3c(C)cccc3Cl)cc(n1)N4CCN(CCO)CC4,CHEMBL1421
621,5011.87,nM,0,Fc1cccc(NC(=O)Nc2ccc(cc2)c3ccc4cn[nH]c4c3)c1,CHEMBL1969942
622,1584.89,nM,0,Clc1ccc(CNC(=O)Nc2ccc3[nH]ncc3c2)cc1Cl,CHEMBL1981782
623,1584.89,nM,0,Cc1ccc(cc1)C(=O)Nc2c(C#N)sc3ccc(Cl)c(Cl)c23,CHEMBL2006785
624,1584.89,nM,0,Clc1ccc(cc1)C(=O)Nc2ccc3cn[nH]c3c2,CHEMBL1972489
625,1584.89,nM,0,COc1cc(Nc2ncnc3ccc(cc23)c4ccc(CN5CC6C(CO)C6C5)cc4)ccc1Oc7ccccc7,CHEMBL1999749
626,1584.89,nM,0,Nc1ncnc2c1c(cn2C3CCC(CC3)N4CCCC4)c5cccc(OCc6ccccc6)c5,CHEMBL1965910
627,1584.89,nM,0,Cc1ccc(NC(=O)Nc2ccc(cc2)c3csc4ncnc(N)c34)cc1C,CHEMBL2000335
628,125.89,nM,1,Cc1cnc(Nc2cccc(c2)S(=O)(=O)N)nc1Nc3ccc(OCC(=O)N)cc3,CHEMBL1988838
629,1584.89,nM,0,Ic1ccc(Oc2cncc3sc(cc23)C4=NC(=O)ON4)cc1,CHEMBL497151
630,5011.87,nM,0,COCCOc1cc2ncnc(Nc3cccc(c3)C#C)c2cc1OCCOC,CHEMBL553
631,1584.89,nM,0,O=C1Nc2sc3CCCCc3c2c4nc(nn14)c5ccncc5,CHEMBL1966808
632,1258.93,nM,1,CN1CCN(CC1)c2ccc(Nc3ncc4C(=O)N(CC=C)N(c5cccc(n5)C(C)(C)O)c4n3)cc2,CHEMBL1976040
633,1584.89,nM,0,CCCC(=O)Nc1n[nH]c2nnc(cc12)c3cccc(F)c3F,CHEMBL1979970
634,1584.89,nM,1,Nc1n[nH]c2cccc(c3ccc(NC(=O)Nc4cc(ccc4F)C(=O)O)cc3)c12,CHEMBL1993722
635,1000.0,nM,1,NC(=O)c1cc([nH]c1c2ccc(Cl)cc2Cl)c3ccnc(N)n3,CHEMBL1965660
636,1584.89,nM,0,CCN(CC)CC#Cc1ccc2Cc3c(n[nH]c3c2c1)c4ccc(nc4)C#N,CHEMBL2007044
637,1584.89,nM,0,FC(F)(F)c1ccc2C(=O)C3=C(CCCC3=O)Oc2c1,CHEMBL2006493
638,630.96,nM,0,CCCCOc1ncnc2[nH]cc(c3ccccc3)c12,CHEMBL1996817
639,1584.89,nM,0,Nc1ncnc2c1c(I)nn2C3CCC(O)CC3,CHEMBL1996791
640,1584.89,nM,0,FC(F)(F)c1cccc2c(NC(=O)Nc3cccc(n3)N4CCOCC4)ccnc12,CHEMBL1972119
641,1584.89,nM,0,OCC(Cc1ccccc1)NC(=O)c2ccc(cc2F)c3ccncc3,CHEMBL1969755
642,630.96,nM,1,Cc1cc(C)c(C=C2C(=O)Nc3ccccc23)[nH]1,CHEMBL2002702
643,2511.89,nM,1,CCN1CCN(CC1)c2ccc(Nc3ncc(C#N)c(Nc4ccc5[nH]ncc5c4)n3)cc2,CHEMBL1973516
644,5011.87,nM,0,COc1cccc(CNC(=O)c2ccc(cc2)c3ccncc3)c1,CHEMBL2006299
645,1584.89,nM,0,Brc1ccc2[nH]c3c(CC(=O)Nc4cccnc34)c2c1,CHEMBL336961
646,31.62,nM,1,CC1CCN(CC1N(C)c2ncnc3[nH]ccc23)C(=O)CO,CHEMBL1969879
647,25.12,nM,1,CC(=O)NCC(=O)N1C2CCC1c3cc(Nc4ncc(c(NC5CCC5)n4)C(F)(F)F)ccc23,CHEMBL1983111
648,1584.89,nM,0,CSc1ccc2nc3C(=O)NCCc3c(Cl)c2c1,CHEMBL1985074
649,1584.89,nM,0,O=S(=O)(N1CCCNCC1)c2cccc3cnccc23,CHEMBL38380
650,6.31,nM,1,NS(=O)(=O)c1cccc(Nc2ncc(Br)c(Nc3ccc(OCC#N)cc3)n2)c1,CHEMBL1987034
651,3162.28,nM,0,COc1cc2c(Oc3ccc4[nH]c(C)cc4c3F)ncnc2cc1OCCCN5CCCC5,CHEMBL491473
652,1584.89,nM,0,NC(COc1cncc(c1)c2ccc3NC(=O)Oc3c2)Cc4c[nH]c5ccccc45,CHEMBL1987679
653,1584.89,nM,0,COc1ccc(CNC(=O)Nc2ncc(s2)[N+](=O)[O-])cc1,CHEMBL259850
654,3162.28,nM,0,CC(=O)c1cccc(c1)c2cnc3[nH]ccc3c2,CHEMBL2000568
655,251.19,nM,1,CCNC(=O)c1cnc(N)c2c(csc12)c3ccc(NC(=O)Nc4cccc(F)c4)cc3,CHEMBL1979516
656,5011.87,nM,0,COc1cccc(c1)C(C)NC(=O)c2sc(nc2C)c3ccncc3,CHEMBL1978567
657,5011.87,nM,0,COCCN(C)C(=O)c1cccc(c1)n2nc(cc2NC(=O)Nc3cccc4ccccc34)C(C)(C)C,CHEMBL2002660
658,15848.93,nM,0,Nc1cc2nc(cn2cn1)c3ccccc3,CHEMBL1972365
659,1000.0,nM,0,Cc1cccc(NC(=O)Nc2ccc(cc2)c3cnc4c(cnn4c3N)c5cnn(C)c5)c1,CHEMBL508928
660,3981.07,nM,0,NC(=O)c1ccc(cc1)c2c[nH]c3nccc(Cl)c23,CHEMBL1982711
661,1584.89,nM,0,CCc1nccn2c(c3ccnc(NCC(C)(C)O)n3)c(nc12)c4ccc(F)cc4F,CHEMBL2001547
662,1584.89,nM,1,CC(C)(C)NC(=O)c1ccc2nc3[nH]c4ccccc4c3nc2c1,CHEMBL1969264
663,1584.89,nM,1,OC(=O)c1ccccc1Nc2ncnc(Nc3cccc(F)c3)n2,CHEMBL1979933
664,1584.89,nM,0,Cc1cc2nnc(SCc3cn4ccccc4n3)n2c5ccccc15,CHEMBL1980704
665,3162.28,nM,1,Nc1cc(cc(Cl)n1)c2c[nH]c3ncccc23,CHEMBL1987448
666,6.31,nM,1,CNS(=O)(=O)c1ccccc1Nc2nc(Nc3cc(OC)c(OC)c(OC)c3)ncc2Cl,CHEMBL1993661
667,5011.87,nM,0,COc1cc(ccc1O)c2ccc3C(=O)Nc4cccc(O)c4Nc3c2,CHEMBL550418
668,1000.0,nM,1,C(c1ccccc1)n2cc(nn2)c3ccc4[nH]ncc4c3,CHEMBL1682345
669,1584.89,nM,0,Fc1ccc(CC2=NNC(=O)C3=C2CCCC3)cc1C(=O)N4CCN(CC4)c5ncccn5,CHEMBL1986530
670,1000.0,nM,1,NC1CCCCC1Nc2nc(Cl)cc(n2)c3c[nH]c4ncccc34,CHEMBL1994438
671,1584.89,nM,0,COc1cc(C(=O)O)c(Cl)cc1NC(=O)Nc2cnc(cn2)C#N,CHEMBL1983006
672,1584.89,nM,0,Nc1ncc(c2cocc2)c3scc(c4ccc(NC(=O)Nc5ccccc5F)cc4)c13,CHEMBL1965570
673,1584.89,nM,0,Cc1oc(nn1)c2cc3c(Oc4ccc(cc4)C(F)(F)F)cncc3s2,CHEMBL1988153
674,199.53,nM,1,COc1cc(ccc1Nc2ncc(Cl)c(Nc3ccccc3S(=O)(=O)C(C)C)n2)N4CCC(CC4)N5CCN(C)CC5,CHEMBL509032
675,1000.0,nM,1,Cc1cccc(NC(=O)Cc2ccc(cc2)c3cccc4[nH]nc(N)c34)c1,CHEMBL1964307
676,1584.89,nM,0,COc1cccc(c1)C(C)NC(=O)c2ccc(c(C)c2)c3ccncc3,CHEMBL1969049
677,5011.87,nM,0,CCc1ccc2c(NC(=O)Nc3cccc(n3)C(F)(F)F)ccnc2c1,CHEMBL1986756
678,125.89,nM,1,Cc1cccc(NC(=O)Nc2ccc(cc2)c3csc4c(cnc(N)c34)c5cn[nH]c5)c1,CHEMBL1969102
679,1584.89,nM,0,FC(F)(F)c1cccc(NC(=O)Nc2ccnc3c(cccc23)C(F)(F)F)n1,CHEMBL1980142
680,5011.87,nM,0,Cc1ccc(cc1)n2nc(cc2NC(=O)Nc3ccc(OCCN4CCOCC4)c5ccccc35)C(C)(C)C,CHEMBL103667
681,31622.78,nM,0,O=C1NNc2cccc(c3ccccc3)c12,CHEMBL1989834
682,1584.89,nM,0,COc1ccc(C=C2C(=O)ON=C2c3ccc(Br)cc3)cc1OC,CHEMBL1991434
683,1258.93,nM,1,Cc1n[nH]c2cnc(cc12)c3cncc(OCC(N)Cc4cccc(c4)C(F)(F)F)c3,CHEMBL1998159
684,100000.0,nM,1,OCc1cc(on1)c2ccc3[nH]ncc3c2,CHEMBL1974617
685,1584.89,nM,0,Fc1ccc(cc1)c2nc(c3ccc(F)cc3)c([nH]2)c4ccncc4,CHEMBL316264
686,630.96,nM,1,Nc1n[nH]c2cc(ccc12)c3ccc(NC(=O)Nc4cccc(c4)C(F)(F)F)cc3,CHEMBL1997623
687,630.96,nM,1,CCC(=O)Nc1ccc(C(=O)N2CCNCC2)c(O)c1,CHEMBL1988141
688,1584.89,nM,0,Cc1cc(C)cc(NC(=O)Nc2ccc(cc2)c3c(C)sc4ncnc(N)c34)c1,CHEMBL371206
689,1584.89,nM,0,Cc1ccc(NC(=O)Nc2ccc(cc2)c3cccc4C(=O)NCc34)cc1C,CHEMBL184847
690,1584.89,nM,0,Nc1ncnc2scc(c3ccc(NC(=O)Nc4cc(ccc4F)C(F)(F)F)cc3)c12,CHEMBL1998585
691,3162.28,nM,1,CCc1nc(Nc2ccc(N3CCOCC3)c(Cl)c2)nc4[nH]ccc14,CHEMBL2004118
692,1584.89,nM,0,Cc1cccc(NC(=O)Nc2ccc(cc2)c3cccc(c3)C(=O)N)c1,CHEMBL1971141
693,1258.93,nM,1,CN(Cc1cc(Cl)c(O)c2ncccc12)C3CCCCC3,CHEMBL1982413
694,1584.89,nM,0,Cc1cc(C)cc(NC(=O)Nc2ccc(cc2)c3cccc4sncc34)c1,CHEMBL1992242
695,5011.87,nM,0,Cc1ccc(C)c(NC(=O)c2cc(nc3ccccc23)c4occc4)c1,CHEMBL1984296
696,5011.87,nM,0,Nc1ncnc2c1c(cn2C3CCCC3)C#C,CHEMBL1993877
697,5011.87,nM,0,ON=C(c1nc2ccccc2[nH]1)c3nc4ccccc4[nH]3,CHEMBL546797
698,1584.89,nM,0,COc1nccc(n1)c2c(ncn2C3CCC(O)CC3)c4ccc(F)cc4,CHEMBL256835
699,2511.89,nM,1,CN(C)CC(O)COc1ccc(Nc2nccc(Nc3cc(Cl)ccc3Cl)n2)cc1,CHEMBL101311
700,5011.87,nM,0,NC(COc1cncc(c1)c2ccc3cnccc3c2)Cc4c[nH]c5ccccc45,CHEMBL1981133
701,5011.87,nM,0,Nc1ncnc2c1c(cn2C3CCOC3)c4ccc(Oc5ccc(CO)cc5)cc4,CHEMBL1976376
702,1584.89,nM,0,Cc1nccn2c(c3ccnc(NCC(C)(C)C(=O)O)n3)c(nc12)c4ccc(F)cc4F,CHEMBL1971149
703,5011.87,nM,0,Cc1ccc(cc1)c2cc3nc(Br)cnc3[nH]2,CHEMBL1965169
704,5011.87,nM,0,Cc1ccc(NCc2ccc(nc2)c3ccc(F)cc3)cc1,CHEMBL1986899
705,5011.87,nM,1,COc1cc(ccc1NC(=O)c2cc3ccccc3n2C)c4csc5c(C=CC(=O)NCCN(C)C)cnc(N)c45,CHEMBL1989267
706,1584.89,nM,0,COc1ccc(NC(=O)Nc2ccc(cc2)c3cccc4onc(N)c34)cc1Cl,CHEMBL272453
707,1584.89,nM,0,NCC(O)C(O)Cn1cc(I)c2c(N)ncnc12,CHEMBL1975534
708,1584.89,nM,0,Cc1cccc(NC(=O)Nc2ccc(cc2)c3coc4ncnc(N)c34)c1,CHEMBL1983963
709,1584.89,nM,0,CCOc1nc(cc(N)c1C#N)C(=O)NCc2ccc(cc2)S(=O)(=O)N,CHEMBL2004355
710,1000.0,nM,1,CC(C)CNC1CCC(CC1)Nc2nc(Cl)cc(n2)c3c[nH]c4ncccc34,CHEMBL2006456
711,1584.89,nM,0,COc1cc(Nc2nccc(Nc3onc(c3)C4CCCCC4)n2)cc(OC)c1OC,CHEMBL1984711
712,5011.87,nM,0,Cn1cc(cn1)c2cnc(N)c3c(csc23)c4ccc(NC(=O)Nc5cccc(F)c5)cc4,CHEMBL1970317
713,1995.26,nM,1,CC(C)Cc1nc(Nc2ccc(N3CCOCC3)c(Cl)c2)nc4[nH]ccc14,CHEMBL1980763
714,1584.89,nM,0,Cn1cc(C=C2C(=O)Nc3cccnc23)c4ccccc14,CHEMBL1516890
715,1584.89,nM,0,CCOc1nc(NC(=O)Cc2cc(OC)c(cc2OC)S(=O)(=O)C)cc(N)c1C#N,CHEMBL210963
716,3981.07,nM,0,Clc1ccc(Nc2nnc(Cc3ccncc3)c4ccccc24)cc1,CHEMBL101253
717,1584.89,nM,0,CC(=O)N1CCC(CC1)Nc2nccc(n2)c3c(nc4occn34)c5ccc(F)cc5,CHEMBL1986781
718,19.95,nM,1,OC(=O)c1ccccc1Nc2ccnc(Nc3ccc4[nH]ncc4c3)n2,CHEMBL396523
719,1584.89,nM,0,NC(COc1cncc(C=Cc2ccncc2)c1)Cc3c[nH]c4ccccc34,CHEMBL1974935
720,1584.89,nM,0,CN(C)c1ccc(CNC(=O)c2cc3c(n[nH]c3s2)c4ccccc4)cc1,CHEMBL1984367
721,1584.89,nM,0,OC(C(=O)NNC(=S)Nc1ccc(Cl)cc1)(c2ccccc2)c3ccccc3,CHEMBL1966722
722,5011.87,nM,0,COc1ccc2c(c1)c(cn2C)c3cc4nccnc4[nH]3,CHEMBL1233887
723,1584.89,nM,0,Cc1ccc(cc1)c2nn(c3ncnc(N)c23)C(C)(C)C,CHEMBL306380
724,5011.87,nM,0,O=C1Nc2ccccc2C1=Cc3c[nH]c4ccccc34,CHEMBL1986590
725,1584.89,nM,0,O=C(NCc1ccccc1)c2cccc(c2)c3cnc4[nH]ccc4c3,CHEMBL1972142
726,1584.89,nM,0,CCc1cccc(NC(=O)Nc2ccc3c(CCc4sc5ncnc(N)c5c34)c2)c1,CHEMBL1968406
727,1584.89,nM,0,NC(COc1cncc(c1)c2ccc(N)c(c2)C(=O)c3cccc(Cl)c3)Cc4c[nH]c5ccccc45,CHEMBL1973348
728,63.1,nM,1,CNC(=O)NC1CCC(CC1)Nc2nc(Cl)cc(n2)c3c[nH]c4ncccc34,CHEMBL2005509
729,5011.87,nM,0,CCN(CC)CCNc1ccc(O)c2ccccc12,CHEMBL576113
730,5011.87,nM,0,COc1ccc2c(c1)c(cn2C)c3cc4nc(Br)cnc4[nH]3,CHEMBL2005478
731,1584.89,nM,0,Cc1cccc(NC(=O)Nc2ccc(cc2C)c3cccc4C(=O)NCc34)c1,CHEMBL183844
732,5011.87,nM,0,CC(C)N(CCCN)C(=O)c1cccc(c1)n2nc(cc2NC(=O)Nc3cccc4ccccc34)C(C)(C)C,CHEMBL1994318
733,199.53,nM,1,O=C(Nc1cc2C(=O)NN=Cc3c[nH]c(c1)c23)C4CC4c5ccccc5,CHEMBL1969502
734,1584.89,nM,0,COc1cccc(CNC(=O)c2cc3c(n[nH]c3s2)c4ccccc4)c1,CHEMBL1987009
735,316.23,nM,1,CNC(=O)COc1ccc(Nc2nc(Nc3ccc(C)c(c3)S(=O)(=O)N)ncc2F)cc1,CHEMBL1978099
736,1584.89,nM,0,N#Cc1ccc(cn1)c2n[nH]c3c2Cc4ccc(OCCN5CCOCC5)cc34,CHEMBL249282
737,501.19,nM,1,CN1CCN(CC1)c2ccc(cn2)c3cnc4NCCN(Cc5cc(Cl)ccc5C(F)(F)F)c4c3,CHEMBL1164180
738,1584.89,nM,0,CN1C(=O)C(=Cc2cnc(NC3CCOCC3)nc12)Oc4ccc(F)cc4F,CHEMBL1230122
739,1584.89,nM,0,O=C1NC(=CC(=N1)c2ccc3[nH]ncc3c2)c4ccccc4,CHEMBL526133
740,3981.07,nM,1,COc1cc(ccc1O)c2ccc3C(=O)Nc4cc(ccc4Nc3c2)C(=O)NCCCN(C)C,CHEMBL1996702
741,1584.89,nM,0,Cc1cc(O)ccc1N2C=C(C(=O)N)C(=O)c3ccc(cc23)c4ccncc4,CHEMBL340921
742,1584.89,nM,0,NC(=O)c1cc2c(cncc2s1)c3cc(cc(c3)C(F)(F)F)C(F)(F)F,CHEMBL2002322
743,5011.87,nM,0,CC(C)(C)c1cc(NC(=O)C(=O)c2cccc3ccccc23)n(n1)c4ccc(OCC(=O)O)cc4,CHEMBL2005699
744,1584.89,nM,0,Clc1ccc(CNC(=O)c2cc3c(n[nH]c3s2)c4ccccc4)cc1,CHEMBL1967094
745,5011.87,nM,0,CC(C)(C)c1cc(NC(=O)Nc2cccc3ccccc23)n(n1)c4cccc(c4)C(=O)NCCCCO,CHEMBL1994977
746,1584.89,nM,0,OCCCn1cnc(c2ccc(F)cc2)c1c3ccncc3,CHEMBL2004871
747,1584.89,nM,0,Cc1cccc(NC(=O)Nc2ccc3c(CCc4sc5ncnc(N)c5c34)c2)c1,CHEMBL1242373
748,199.53,nM,1,OC1CCC(CC1)Nc2cc(Cl)nc(n2)c3c[nH]c4ncccc34,CHEMBL1991674
749,1584.89,nM,0,Clc1csc2ncnc(Nc3ccccc3)c12,CHEMBL1986139
750,1584.89,nM,0,O=C1NCc2c1cccc2c3ccc(Nc4nc5ccccc5[nH]4)cc3,CHEMBL1979057
751,1584.89,nM,0,Nc1ncnc2c1c(I)nn2C3OC(CO)C(O)C3O,CHEMBL2001288
752,15848.93,nM,0,Nc1nccc2cnc(c3ccccc3)n12,CHEMBL1969156
753,125.89,nM,1,Cc1cccc(NC(=O)Nc2ccc(cc2)c3csc4c(cnc(N)c34)c5cnn(C)c5)c1,CHEMBL1967116
754,199.53,nM,1,CN(C)CC1=C(O)C2=NC(=CC(=O)N2C=C1)C,CHEMBL1988581
755,1584.89,nM,0,Cc1n[nH]c2ccc(cc12)c3cncc(OCC(N)Cc4cccc(OC(F)(F)F)c4)c3,CHEMBL1965836
756,1584.89,nM,0,OCCNc1cc2cc(ccc2cn1)c3ccsc3,CHEMBL1973860
757,1584.89,nM,0,NC(COCc1ccccc1)COc2cncc(C=Cc3ccncc3)c2,CHEMBL1993781
758,1584.89,nM,0,CCCC(=O)Nc1n[nH]c2nc3ccccc3cc12,CHEMBL1967564
759,1584.89,nM,0,Cc1n[nH]c2ccc(cc12)c3cncc(OCC(CN)Cc4ccccc4)c3,CHEMBL2000271
760,1584.89,nM,0,CC(C)(CO)c1nnc2ccc(nn12)c3c(nc4CCCn34)c5ccc(F)cc5F,CHEMBL1996587
761,1584.89,nM,0,Oc1cccc(Nc2ncnc3scc(Cl)c23)c1,CHEMBL1982992
762,1258.93,nM,1,O=C1NC(=O)C(=C1c2c[nH]c3ccccc23)c4nc(nc5ccccc45)N6CCNCC6,CHEMBL1996510
763,1000.0,nM,1,NCCn1cc(c2cc(c3cc4ccccc4s3)c5[nH]ncc5c2)c6nc(N)ncc16,CHEMBL590109
764,1584.89,nM,0,COc1nccc(n1)c2c(ncn2C3CCNCC3)c4ccc(F)cc4,CHEMBL95692
765,79.43,nM,1,COc1cc2Nc3n[nH]c(C)c3N=C(c4ccccc4Cl)c2cc1F,CHEMBL1980391
766,251.19,nM,1,CNC(=O)C=Cc1cnc(N)c2c(csc12)c3cc(F)c4[nH]c(C)cc4c3,CHEMBL2006778
767,1584.89,nM,0,COc1cc(ccc1OCC(O)CO)c2ccc3C(=O)Nc4cc(CCOc5ccc(cc5)N6CCOCC6)ccc4Nc3c2,CHEMBL1981045
768,1584.89,nM,0,CN(C)CCCC(=O)Nc1n[nH]c2nnc(cc12)c3cccc(F)c3F,CHEMBL41783
769,5011.87,nM,0,COc1cc2c(Nc3ccc(NC(=O)c4ccccc4)cc3)ncnc2cc1OCCCN5CCOCC5,CHEMBL202721
770,1584.89,nM,0,OCCOc1cc2OCCCCCOc3nc(NC(=O)Nc2cc1Cl)cnc3C#N,CHEMBL413779
771,1584.89,nM,0,CC(=O)Nc1c(sc2ccc(Cl)c(Cl)c12)C(=O)N,CHEMBL1973142
772,3981.07,nM,0,Cc1ccc(Nc2nc3ccc(cc3[nH]2)[N+](=O)[O-])nc1,CHEMBL1992937
773,10000.0,nM,1,Clc1cccc2C(=O)NC=Nc12,CHEMBL1949855
774,630.96,nM,1,Cc1cccc(NC(=O)Nc2ccc(cc2)c3csc4ncnc(N)c34)c1,CHEMBL196363
775,316.23,nM,1,CC(C)Cc1cc(on1)c2ccc3[nH]nc(N)c3c2,CHEMBL1966343
776,5011.87,nM,1,CC(C)CC(NC(=O)c1cccc(c1)n2nc(cc2NC(=O)Nc3cccc4ccccc34)C(C)(C)C)C(=O)N,CHEMBL1965469
777,1584.89,nM,0,CSc1ccc(cc1)c2nc(c3ccc(F)cc3)c([nH]2)c4ccncc4,CHEMBL17370
778,1584.89,nM,0,Fc1ccc(cc1)c2ncn(CCN3CCOCC3)c2c4ccc5[nH]ncc5c4,CHEMBL1682558
779,1584.89,nM,0,NC(COc1cc(C=Cc2ccncc2)cnc1Cl)Cc3c[nH]c4ccccc34,CHEMBL1968245
780,3981.07,nM,1,O=C1Nc2ccccc2C1=Cc3ccc[nH]3,CHEMBL1996176
781,501.19,nM,1,Brc1cnc2[nH]cc(c3ccccc3)c2c1,CHEMBL1992634
782,630.96,nM,1,CC(Oc1cc(cnc1N)c2cnn(c2)C3CCNCC3)c4c(Cl)ccc(F)c4Cl,CHEMBL1825138
783,5011.87,nM,0,NC(=O)c1cc2c(cnc(N)c2s1)c3ccc(Nc4oc5ccccc5n4)cc3,CHEMBL1993904
784,1584.89,nM,0,Brc1ccc(CNC(=O)Nc2ccc3[nH]ncc3c2)cc1,CHEMBL1970709
785,19.95,nM,1,NS(=O)(=O)c1cccc(Nc2ncc3ccn(c4ccccc4)c3n2)c1,CHEMBL1988163
786,199.53,nM,1,CS(=O)(=O)Nc1ccc(cc1)c2ccc3[nH]nc(N)c3c2,CHEMBL2004892
787,1584.89,nM,0,OCCCOc1cc2OCCCCCOc3nc(NC(=O)Nc2cc1Cl)cnc3C#N,CHEMBL373598
788,15848.93,nM,0,C1Cc2sccc2c3[nH]ncc13,CHEMBL2001539
789,1584.89,nM,0,CCN1N(C2CCCC2)c3nc(Nc4ccc(cc4OC)C(=O)NC5CCN(C)CC5)ncc3N(C)C1=O,CHEMBL1967560
790,3981.07,nM,0,CCN(CC)CCNC(=O)c1c(C)[nH]c(C=C2C(=O)Nc3ccc(F)cc23)c1C,CHEMBL1990885
791,1584.89,nM,0,CC(Nc1nccc(n1)c2c(nc3occn23)c4ccc(F)cc4)c5ccccc5,CHEMBL1990288
792,63.1,nM,1,OC1CCN(CC1)c2ncnc3[nH]cc(c4ccccc4)c23,CHEMBL1973395
793,1258.93,nM,1,Nc1n[nH]c2ccc(cc12)c3cn(Cc4ccccc4)nn3,CHEMBL1682346
794,5011.87,nM,0,[2H]C([2H])([2H])Oc1cccc(c1)C(C)NC(=O)c2sc(nc2C)c3ccncc3,CHEMBL1998110
795,316.23,nM,1,CCNc1nc(C)c(s1)c2ccnc(Nc3ccc(cc3)N4CCN(CC4)C(=O)C)n2,CHEMBL1983715
796,31622.78,nM,1,Nc1n[nH]c2ncc(Br)cc12,CHEMBL2002105
797,1995.26,nM,1,COc1cccc(OC)c1CNc2nc(NC3CCCCC3)nc4ccc(Cl)cc24,CHEMBL1996646
798,5011.87,nM,0,CCOCC(C)Oc1cccc2[nH]nc(N)c12,CHEMBL2002736
799,2511.89,nM,0,CS(=O)(=O)N(Cc1ccc2NC(=O)c3cccn3c2c1)C4CC4,CHEMBL1978448
800,1258.93,nM,1,COc1cccc(c1)C(C)NC(=O)c2cc(C)c(s2)c3ccc4[nH]nc(C)c4c3,CHEMBL1997534
801,5011.87,nM,0,CCN1CCN(CC1)c2ccc(Nc3ncc(C#N)c(Nc4ccc5[nH]ncc5c4)n3)cc2,CHEMBL1973516
802,5011.87,nM,0,Nc1ncc(c2cnn(CCO)c2)c3scc(c4ccc(NC(=O)Nc5cccc(F)c5)cc4)c13,CHEMBL1980297
803,158.49,nM,1,NC1CCC(CC1)Nc2nc(Cl)cc(n2)c3c[nH]c4ncccc34,CHEMBL1973720
804,1584.89,nM,0,Cc1ccc(cn1)c2cnc(N)c3c(csc23)c4ccc(NC(=O)Nc5cccc(F)c5)cc4,CHEMBL1988075
805,1000.0,nM,1,Cc1cccc(Nc2nc(NC3CCCCC3N)cnc2C(=O)N)c1,CHEMBL1974328
806,1584.89,nM,0,NC(=O)c1cccc2[nH]c(nc12)c3ccncc3,CHEMBL1990482
807,1584.89,nM,0,CN(C)C(=O)Nc1ccc2nc(c3occc3)c(nc2c1)c4occc4,CHEMBL1986328
808,1584.89,nM,0,OC(=O)c1c2CCC(=C3CCCC3)c2nc4ccccc14,CHEMBL1996831
809,1584.89,nM,0,COc1cc2cnc3C(=O)NC(=O)c3c2cc1OC,CHEMBL1982506
810,1584.89,nM,0,Cc1ccc(c2ccc(NC(=O)Nc3cccc(Br)c3)cc2)c4c(N)n[nH]c14,CHEMBL1973937
811,5011.87,nM,0,N#Cc1ccc(cc1NCc2ccccc2)c3ccncc3,CHEMBL1967992
812,1584.89,nM,0,OCC(Cc1ccc(Cl)cc1)NC(=O)c2ccc(cc2)c3ccncc3,CHEMBL1996931
813,1584.89,nM,0,CN(C(=O)C1CCCCC1)c2ccc3c(c2)nc(NC(=O)c4ccc(cc4)C#N)n3C,CHEMBL519697
814,5011.87,nM,0,CC(C)(C)c1cc(NC(=O)C(=O)c2cccc3ccccc23)n(n1)c4cccc(OCC(=O)O)c4,CHEMBL1964902
815,501.19,nM,1,OCCCNc1ncnc2[nH]cc(c3ccccc3)c12,CHEMBL2000071
816,1584.89,nM,0,Cc1ccc(cc1)C(=O)Nc2c(sc3ccc(Cl)c(Cl)c23)C(=O)N,CHEMBL1965131
817,1584.89,nM,1,NC(=O)c1cc2c(cncc2s1)c3cccc(F)c3,CHEMBL1971017
818,501.19,nM,1,CN1CCN(CC1)c2ccc(C(=O)Nc3n[nH]c4ccc(Cc5cc(F)cc(F)c5)cc34)c(NC6CCOCC6)c2,CHEMBL1983268
819,199.53,nM,1,Cc1n[nH]c2ccc(cc12)c3nnn(Cc4ccccc4)c3c5ccc(F)cc5,CHEMBL1972339
820,1584.89,nM,0,COCCOCC#Cc1cc(cs1)c2n[nH]c3c4ccc(CN5CCN(C)CC5)cc4C(=O)c23,CHEMBL387971
821,1584.89,nM,0,OCC(NC(=O)c1ccc(cc1)c2ccncc2)c3ccccc3,CHEMBL1974288
822,1584.89,nM,0,NC(COc1cncc(c1)c2ccc(N)c(c2)C(=O)c3ccccc3F)Cc4c[nH]c5ccccc45,CHEMBL1994361
823,5011.87,nM,0,NC(=O)c1cc2c(cncc2s1)c3ccc(Br)cc3,CHEMBL1978195
824,1584.89,nM,0,CC(=O)Nc1cc(N)c(C#N)c(n1)c2ccsc2,CHEMBL2006567
825,1584.89,nM,0,Cc1cccc(NC(=O)Nc2ccc(cc2)c3cccc4C(=O)NCc34)c1,CHEMBL185569
826,794.33,nM,1,CS(=O)(=O)NC1CCC(CC1)Nc2nc(Cl)cc(n2)c3c[nH]c4ncccc34,CHEMBL1980562
827,1584.89,nM,0,Clc1ccc(CNC2=C(Nc3ccncc3)C(=O)C2=O)cc1Cl,CHEMBL1975900
828,5011.87,nM,0,Nc1c(cnc2c(cnn12)c3ccc4OCOc4c3)c5ccc(NC(=O)Nc6cccc(c6)C(F)(F)F)cc5,CHEMBL1977134
829,5011.87,nM,0,OC(=O)c1ccccc1Nc2ncnc(Nc3ccc(F)cc3)n2,CHEMBL1992231
830,5.01,nM,1,CC1CCN(CC1N(C)c2ncnc3[nH]ccc23)C(=O)CC#N,CHEMBL234085
831,1000.0,nM,1,Oc1cc(O)cc(C=Cc2ccc(O)c(O)c2)c1,CHEMBL1972346
832,158.49,nM,1,Nc1ncc(c2ccncc2)c3scc(c4ccc(NC(=O)Nc5cc(ccc5F)C(F)(F)F)cc4)c13,CHEMBL1970083
833,5011.87,nM,0,FC(F)Sc1ccc(NC(=O)Cc2ccc(cc2)c3cccnc3)cc1,CHEMBL1992581
834,5011.87,nM,0,CCCCNc1nc(N)c(s1)C(=O)c2ccccc2,CHEMBL2007479
835,1584.89,nM,0,NCCNS(=O)(=O)c1cccc(c1)C(=O)Nc2ccc(cc2)C3=NNC(=O)c4ccccc34,CHEMBL2000481
836,5011.87,nM,0,Cc1ccnc(Nc2cc(C)nc(n2)c3ccccc3)c1,CHEMBL1985367
837,1584.89,nM,0,OC(=O)c1cc2c(cncc2s1)c3cccc(F)c3,CHEMBL1974457
838,1584.89,nM,0,COc1cccc(c1)C(=O)Nc2cnc3[nH]cc(c4ccccc4)c3c2,CHEMBL1982924
839,1584.89,nM,0,CNC(=O)C=Cc1cnc(N)c2c(csc12)c3ccc4sc(C)nc4c3,CHEMBL1968590
840,1584.89,nM,0,C(Nc1nc2ccc(cc2s1)c3ccncc3)c4ccccc4,CHEMBL1983534
841,5011.87,nM,0,COc1cc2ncc3c(N)nc4c(C)c(N)ccc4c3c2cc1OC,CHEMBL235157
842,3162.28,nM,0,Nc1c(ccc2nccnc12)c3ccc(NC(=O)Nc4cccc(c4)C(F)(F)F)cc3,CHEMBL2004438
843,1584.89,nM,0,CCCCn1c(NC(=O)c2ccc(cc2)C#N)nc3cc(ccc13)N(C)C(=O)C4CCCCC4,CHEMBL484390
844,1584.89,nM,0,CC(C)(C)c1n[nH]c2OC(=C(C#N)C(c3ccccc3F)c12)N,CHEMBL2004447
845,2511.89,nM,1,O=C1NCCc2[nH]c(cc12)c3ccncc3,CHEMBL225519
846,1584.89,nM,0,CCOC(=O)C1=C2SC(=Cc3occc3)C(=O)N2C(=C(C#N)C1c4occc4)N,CHEMBL1999112
847,5011.87,nM,0,CC1=CC(=O)NN=C1c2ccc(NC(=O)Nc3cc(ccc3F)C(F)(F)F)c(Cl)c2,CHEMBL1997892
848,630.96,nM,1,Cc1cccc(NC(=O)Nc2ccc(cc2)c3csc4c(cnc(N)c34)C#CCN)c1,CHEMBL1965988
849,5011.87,nM,0,CC1=CC(=O)Nc2[nH]nc(c3cccc(c3)C(F)(F)F)c12,CHEMBL1991377
850,630.96,nM,1,Cc1nc(N)sc1c2ccnc(Nc3ccc(cc3)N4CCOCC4)n2,CHEMBL482967
851,5011.87,nM,0,Oc1ccc(cc1)c2nc(c3ccc(F)cc3)c([nH]2)c4ccncc4,CHEMBL278041
852,158.49,nM,1,CC(Nc1cncc(n1)n2cnc3ccc(cc23)C#N)c4ccccc4F,CHEMBL1977138
853,5011.87,nM,0,CC(C)(C)Nc1ncnc2[nH]cc(c3ccccc3)c12,CHEMBL1995211
854,1584.89,nM,0,CCc1nc(c2cccc(C)c2)c(s1)c3ccnc(NC(=O)c4ccccc4)c3,CHEMBL363648
855,1584.89,nM,0,O=C1NCCc2[nH]c(cc12)c3ccnc(c3)c4cnc5ccccc5c4,CHEMBL226403
856,794.33,nM,1,CCCCCCCCCCCCOc1ccc(NC(=N)N)cc1NC(=N)N,CHEMBL1980715
857,5011.87,nM,0,CC(=O)C1=C(C)c2cnc(Nc3ccc(cn3)N4CCNCC4)nc2N(C5CCCC5)C1=O,CHEMBL189963
858,5011.87,nM,0,CC(C)(c1cc(Br)c(O)c(I)c1)c2cc(Br)c(O)c(I)c2,CHEMBL1964382
859,1584.89,nM,0,Cc1nn(c2ccccc2)c3N(O)c4ccc(Cl)cc4C(=O)c13,CHEMBL379835
860,3162.28,nM,0,CN1C(=NC(=C(C1=O)c2ccc3ccccc3c2)c4ccncc4)NCC(N)Cc5ccccc5,CHEMBL1990496
861,1584.89,nM,0,Clc1ccc(cc1)C(=O)Nc2ccc3[nH]ncc3c2,CHEMBL1973808
862,1584.89,nM,0,COc1ccc2c(NC(=O)Nc3cccc(Br)n3)ccnc2c1,CHEMBL1983932
863,1584.89,nM,0,CCOc1nc(cc(N)c1Cl)C(=O)NCc2ccc(cc2)S(=O)(=O)C,CHEMBL377383
864,5011.87,nM,0,FC(F)(F)Oc1ccc(CC(=O)N2CCC3(CC2)NCCc4c3[nH]c5ccccc45)cc1,CHEMBL1996576
865,5011.87,nM,0,CN(C)c1ccc(N)c2ccccc12,CHEMBL1998253
866,2511.89,nM,0,[O-][N+](=O)c1ccc2[nH]c3c(CC(=O)Nc4ccccc34)c2c1,CHEMBL50894
867,3981.07,nM,1,O=C(Nc1n[nH]c2ccc(cc12)c3cn(Cc4ccccc4)nn3)c5ccc(cc5)C#N,CHEMBL1990162
868,1584.89,nM,0,OCCNc1cc2cc(ccc2cn1)c3cccnc3,CHEMBL1990912
869,1584.89,nM,0,Brc1ccc2[nH]c3c(CC(=O)Nc4ccccc34)c2c1,CHEMBL296586
870,1584.89,nM,1,Cc1cccc(NC(=O)Nc2ccc(cc2)c3csc4c(cnc(N)c34)C#CCCCCCCCCN)c1,CHEMBL1978166
871,1584.89,nM,0,CCCc1cc(on1)c2ccc3[nH]ncc3c2,CHEMBL1682359
872,1584.89,nM,0,Cc1cccc(NC(=O)Nc2ccc(cc2)c3csc4ccnc(N)c34)c1,CHEMBL394619
873,1584.89,nM,0,NC(COc1cncc(c1)c2ccc3NC(=O)Cc3c2)Cc4c[nH]c5ccccc45,CHEMBL1967302
874,50.12,nM,1,OC1CCC(CC1)Nc2nc(Cl)cc(n2)c3c[nH]c4ncccc34,CHEMBL1986943
875,25118.86,nM,1,Brc1ccc2NNC(=O)c2c1,CHEMBL2001613
876,50.12,nM,1,OC1CCC(CC1)Nc2nc(Cl)cc(n2)c3c[nH]c4ncccc34,CHEMBL1986943
877,1258.93,nM,1,Nc1n[nH]c2cccc(c3ccc(NC(=O)Nc4ccccc4)cc3)c12,CHEMBL219722
878,1584.89,nM,0,Clc1ccc(CNc2ccc3nnc(c4ccccc4)n3n2)cc1,CHEMBL1381197
879,1584.89,nM,0,COc1ccc(Nc2nccc(NC3=C(NC(C)C(C)(C)C)C(=O)C3=O)n2)cc1OC,CHEMBL1964399
880,1584.89,nM,0,Nc1ncnc2c1sc3ncnc(N)c23,CHEMBL1976090
881,5011.87,nM,0,Clc1cc(cc(NC(=O)c2ccccc2)n1)c3c[nH]c4ncccc34,CHEMBL1993413
882,5011.87,nM,0,COCC#Cc1cccc2c1Cc3c(n[nH]c23)c4cccs4,CHEMBL1985206
883,1995.26,nM,1,CCN(CC)CCNC(=O)c1cccc(c1)n2nc(cc2NC(=O)Nc3cccc4ccccc34)C(C)(C)C,CHEMBL1970290
884,1584.89,nM,0,CC(C)Cn1c(N)nc2c(F)cc(cc12)c3c(nc4sccn34)c5ccc(F)cc5,CHEMBL2004419
885,1584.89,nM,0,Cc1nccn2c(c3ccnc(NCC(C)(C)CO)n3)c(nc12)c4ccc(F)cc4,CHEMBL1987648
886,3162.28,nM,1,Clc1cccc(Nc2nc(nc(n2)n3cccn3)N4CCOCC4)c1,CHEMBL1940137
887,5011.87,nM,0,FC(F)(F)c1cccc(NC(=O)Nc2ccc(cc2)C3=NNC(=O)C=C3)c1,CHEMBL2007124
888,1584.89,nM,0,Cn1nc(c2C(=O)c3cc(Cl)ccc3N(O)c12)C(F)(F)F,CHEMBL207400
889,5011.87,nM,0,OCCC(NC(=O)c1ccc(cc1)c2ccncc2)c3ccccc3,CHEMBL1986143
890,1258.93,nM,0,CC1CNCCCN1S(=O)(=O)c2cccc3cncc(C)c23,CHEMBL1082440
891,1584.89,nM,0,Clc1ccc2oc3C(=O)NC=Nc3c2c1,CHEMBL1992323
892,5011.87,nM,0,CCCCC#Cc1ccc(CN2CC(C2)C(=O)O)cc1,CHEMBL1972462
893,5011.87,nM,0,COc1ccc(NC(=O)Nc2ccc(cc2)c3csc4c(cnc(N)c34)c5cnn(CC(O)CO)c5)cc1,CHEMBL1965170
894,5011.87,nM,0,OCCn1cc(cn1)c2cnc3nnn(Cc4ccc5ncccc5c4)c3n2,CHEMBL2001019
895,5011.87,nM,0,CCCc1ccc2nccc(NC(=O)Nc3cccc(n3)C(F)(F)F)c2c1,CHEMBL1987430
896,1584.89,nM,0,COc1cccc(c1)C(CN)NC(=O)c2ccc(cc2)c3ccncc3,CHEMBL1976240
897,5011.87,nM,0,CC(N)C1CCC(CC1)C(=O)Nc2ccncc2,CHEMBL1994526
898,1584.89,nM,0,Clc1ccc(Cl)c2c3N=CNC(=O)c3sc12,CHEMBL583144
899,5011.87,nM,0,Nc1n[nH]c2c(OCCCn3cccc3)ccc(c4ccc(NC(=O)Nc5cccc(Cl)c5)cc4)c12,CHEMBL1965387
